run_id,start_ts,end_ts,duration_s,num_samples,start_temp,temp_ref,pid_source,far_kp,far_ki,far_kd,mid_kp,mid_ki,mid_kd,near_kp,near_ki,near_kd,mse,mae,cost,tail_mae,overshoot
run_1779762606_d94b9dc8,1779763087.7154205,1779764286.1159182,1198.400497674942,576,24.749921798706055,0.0,schedule[0],6,936,17,6,936,17,6,936,17,117.13273040126563,6.442025372137626,10.894923156158711,0.737149715423584,1.0078577995300293
run_1779787705_e81a0f5c,1779788187.6763027,1779789387.4911325,1199.814829826355,480,24.616539001464844,0.0,schedule[1],6,943,18,6,943,18,6,943,18,143.23601664799153,7.740137140536856,10.954247632612704,0.7964741918775771,1.0078577995300293
run_1779898170_9352d72b,1779898171.491508,1779899371.094953,1199.6034450531006,601,25.150020599365234,0.0,schedule[0],6,936,17,6,936,17,6,936,17,149.32123727162016,7.593397809267044,10.054586736951023,0.7656578719615936,0.9637908935546875
run_1779899553_a8374d89,1779900034.4011369,1779901234.1190207,1199.7178838253021,601,23.994287490844727,0.0,schedule[1],6,943,18,6,943,18,6,943,18,102.51427126401232,5.9058464582761125,10.911608001744058,0.7538345610089314,1.0078577995300293
run_1779901416_3b4e472f,1779901897.4111567,1779903097.1254313,1199.7142746448517,601,24.216514587402344,0.0,schedule[2],6,886,7,6,886,7,6,886,7,107.22914896828449,6.066600686709086,16.931951279989462,0.7465833646734965,1.2722172737121582
run_1779903570_13cac5b2,1779904051.424636,1779905251.1371126,1199.7124767303467,601,23.905399322509766,0.0,schedule[0],6,843,18,6,843,18,6,843,18,104.83588387790005,6.048831635713578,11.7927004389973,0.7275555662946975,1.0519099235534668
run_1779905433_22a312d0,1779905914.435943,1779907114.1407309,1199.7047879695892,601,24.216514587402344,0.0,schedule[1],7,943,17,7,943,17,7,943,17,108.35368359775498,6.218767985900243,15.964059876177066,0.8800932508224607,1.22816801071167
run_1779907296_2f435f88,1779907777.4447505,1779908977.1653051,1199.7205545902252,601,24.483177185058594,0.0,schedule[2],1,943,1,1,943,1,1,943,1,117.00518534048027,6.148790262540182,3.4758373886937766,0.25862821952375786,0.567204475402832
run_1779910477_2f2ec8db,1779910959.4674802,1779912159.1805415,1199.7130613327026,601,24.483177185058594,0.0,schedule[0],1,700,1,1,700,1,1,700,1,106.5043472708472,5.799321545759837,3.4326946418616724,0.2154854726916536,0.567204475402832
run_1779912341_31cb07a8,1779912822.478064,1779914022.1917207,1199.7136566638947,601,24.172046661376953,0.0,schedule[1],8,952,12,8,952,12,8,952,12,87.4628856585706,5.57812533100446,24.609871821724784,1.0000260670979817,1.5365495681762695
run_1779914204_8c30dd2d,1779914685.489525,1779915885.207166,1199.71764087677,601,24.394285202026367,0.0,schedule[2],6,560,13,6,560,13,6,560,13,114.28769663048217,6.34554537375768,16.860115803394045,0.6747478880780808,1.2722172737121582
run_1779922497_1b429ac0,1779922978.5385852,1779924178.2439063,1199.705321073532,601,25.01659393310547,0.0,schedule[0],20,22,49,20,181,48,1,250,2,148.7789077400147,7.35441300868988,18.845261608537502,0.33962003255294543,1.3603544235229492
run_1779924360_d431a2c1,1779924841.5459857,1779926041.2588453,1199.7128596305847,601,23.949857711791992,0.0,schedule[1],20,22,49,20,181,48,1,253,5,84.13107817252583,4.983734345833461,14.334261502220299,0.3132394849518199,1.1841039657592773
run_1779926223_3c95200f,1779926704.5579484,1779927904.2650287,1199.7070803642273,601,24.038734436035156,0.0,schedule[2],20,22,49,20,152,49,1,250,2,84.39018174855151,5.012798964182536,18.832774057779645,0.3271324817950909,1.3603544235229492
run_1779928086_9eb30ae4,1779928567.5692756,1779929767.279581,1199.7103054523468,601,24.083168029785156,0.0,schedule[3],20,22,49,20,152,49,1,253,5,86.48349226618615,5.102211309671402,14.325106771198898,0.3040847539304193,1.1841039657592773
run_1779929949_cb29c31b,1779930430.581022,1779931630.291452,1199.710429906845,601,23.949857711791992,0.0,schedule[4],20,20,47,20,181,48,1,250,2,85.76854808810847,5.094193716843923,17.646773045476994,0.32048156632849917,1.316293716430664
run_1779931812_f1e0225a,1779932293.5930092,1779933493.2981327,1199.70512342453,601,23.86095428466797,0.0,schedule[5],20,20,47,20,181,48,1,253,5,84.74729627068795,5.054766218662262,15.401551818778305,0.317585193423699,1.22816801071167
run_1779933675_89ef249d,1779934156.6037846,1779935356.3153017,1199.7115170955658,601,24.083168029785156,0.0,schedule[6],20,20,47,20,152,49,1,250,2,87.1903576021768,5.149066245555877,18.853054843392652,0.34741326740809847,1.3603544235229492
run_1779935538_c61b7463,1779936019.6127641,1779937219.3311787,1199.7184145450592,601,24.083168029785156,0.0,schedule[7],20,20,47,20,152,49,1,253,5,87.69039554030479,5.128991346359253,15.369166383750084,0.28519975839547773,1.22816801071167
run_1779937856_c6368f5f,1779938337.628395,1779939537.336483,1199.7080879211426,601,23.905399322509766,0.0,schedule[0],1,13,50,20,152,49,1,108,50,90.53880714952025,5.30528461098671,3.017593819842828,0.28093948929580215,0.5231304168701172
run_1779939719_d0def668,1779940200.6403468,1779941400.3535197,1199.7131729125977,601,23.683202743530273,0.0,schedule[1],1,13,50,20,152,49,1,118,49,86.71869540557465,5.137666772206624,2.5681539990295073,0.2732086230297478,0.47905588150024414
run_1779941582_a6f9f619,1779942063.6530764,1779943263.3595214,1199.706444978714,601,24.34983253479004,0.0,schedule[2],1,13,50,20,132,49,1,108,50,88.92655099647516,5.177748924096425,3.0156974955849294,0.2790431650379036,0.5231304168701172
run_1779943445_42acdc13,1779943926.6630642,1779945126.3824153,1199.719351053238,601,24.216514587402344,0.0,schedule[3],1,13,50,20,132,49,1,118,49,90.1886078926349,5.233097963730494,3.0030918185981905,0.2664374880511645,0.5231304168701172
run_1779945308_87ecf325,1779945789.675731,1779946989.3813117,1199.7055807113647,601,23.905399322509766,0.0,schedule[4],1,4,44,20,152,49,1,108,50,84.47838604856842,5.024428203900655,2.5866395103988675,0.29169413439910813,0.47905588150024414
run_1779947171_27371b3d,1779947652.6853156,1779948852.3912258,1199.705910205841,601,24.083168029785156,0.0,schedule[5],1,4,44,20,152,49,1,118,49,87.35589048533127,5.124479199250539,2.1609059245878046,0.2686937585661683,0.4349956512451172
run_1779949034_636140d7,1779949515.6946824,1779950715.4167027,1199.7220203876495,601,23.86095428466797,0.0,schedule[6],1,4,44,20,132,49,1,108,50,84.42001756662481,5.0189378436406455,4.014749501738452,0.27815835962367597,0.6112766265869141
run_1779950897_f0bf6bde,1779951378.7062285,1779952578.4262476,1199.7200191020966,601,23.816524505615234,0.0,schedule[7],1,4,44,20,132,49,1,118,49,84.84568917015743,5.023623226483663,3.009115474795969,0.2724611442489433,0.5231304168701172
run_1779960849_2c2700d2,1779961330.7647393,1779962530.4820893,1199.7173500061035,601,25.105575561523438,0.0,schedule[0],1,13,50,18,234,7,20,123,18,117.10063961931904,6.545693608125051,101.1018329662298,0.8583087740717708,3.166125774383545
run_1779962712_39f3ef69,1779963193.7779083,1779964393.4881349,1199.7102265357971,601,28.621408462524414,0.0,schedule[1],1,13,50,18,234,7,1,909,49,149.5944381147242,7.0669499250253045,1.444161391918917,0.2412483499574794,0.3468303680419922
run_1779964575_50562c3a,1779965056.7879243,1779966256.491884,1199.7039597034454,601,23.905399322509766,0.0,schedule[2],1,13,50,18,227,6,20,123,18,86.78790895455067,5.461159782807032,101.05245649897319,0.8089323068151668,3.166125774383545
run_1779966438_f68423d6,1779966919.7989173,1779968119.5170414,1199.7181241512299,601,29.0540828704834,0.0,schedule[3],1,13,50,18,227,6,1,909,49,156.54999372214553,7.355964051882426,1.444686719514887,0.24177367755344936,0.3468303680419922
run_1779968301_3e61b2a9,1779968782.8103878,1779969982.5204809,1199.7100930213928,601,24.260963439941406,0.0,schedule[4],1,56,50,18,234,7,20,123,18,92.44985783969628,5.639638187090556,98.25564288780242,0.781042899448032,3.1220922470092773
run_1779970164_80481258,1779970645.81899,1779971845.529879,1199.7108891010284,601,29.006013870239258,0.0,schedule[5],1,56,50,18,234,7,1,909,49,158.60761235265446,7.453308419386546,1.4430858317147848,0.24017278975334722,0.3468303680419922
run_1779972027_7924ec8e,1779972508.833701,1779973708.5406475,1199.7069466114044,601,24.038734436035156,0.0,schedule[6],1,56,50,18,227,6,20,123,18,89.93163462613967,5.574975080092748,101.03607568629432,0.7925514941362991,3.166125774383545
run_1779973890_d455f8ed,1779974371.844575,1779975571.5523381,1199.7077631950378,601,29.246421813964844,0.0,schedule[7],1,56,50,18,227,6,1,909,49,158.26328361864688,7.399976000785828,1.43277677416315,0.22986373220171247,0.3468303680419922
run_1779981963_8c3b740a,1779982444.891295,1779983644.6007602,1199.709465265274,601,25.01659393310547,0.0,schedule[0],1,13,50,18,260,21,20,111,31,114.14910644275643,6.380576899846395,75.05211477679411,0.7523863149836739,2.725797653198242
run_1779983826_a63b6f22,1779984307.9020238,1779985507.617404,1199.715380191803,601,28.477195739746094,0.0,schedule[1],1,13,50,18,260,21,20,111,27,154.25621341881143,7.498975886106491,70.32518788561958,0.7504700990108394,2.637701988220215
run_1779985689_b4cfe238,1779986170.9147456,1779987370.624771,1199.710025548935,601,29.006013870239258,0.0,schedule[2],1,13,50,18,262,21,20,111,31,157.56182551615876,7.675048889716466,72.70475532473702,0.786473962393674,2.681758403778076
run_1779987552_a8af689e,1779988033.924927,1779989233.6334777,1199.7085506916046,601,29.342594146728516,0.0,schedule[3],1,13,50,18,262,21,20,111,27,163.1668183699876,7.844194997151693,75.0778709758881,0.778142514077662,2.725797653198242
run_1779989415_c16a3901,1779989896.9367754,1779991096.6424546,1199.705679178238,601,29.342594146728516,0.0,schedule[4],1,56,50,18,260,21,20,111,31,162.32092459693868,7.8146147553126015,72.69419361030444,0.7759122479610935,2.681758403778076
run_1779991278_4238f9ef,1779991759.9486034,1779992959.6519358,1199.7033324241638,601,29.390666961669922,0.0,schedule[5],1,56,50,18,260,21,20,111,27,164.6654861763244,7.9032607237497965,77.50079486966604,0.7823094439644345,2.769810199737549
run_1779993141_613d4a7f,1779993622.9587636,1779994822.6631334,1199.7043697834015,601,29.342594146728516,0.0,schedule[6],1,56,50,18,262,21,20,111,31,162.92772581726402,7.841305866241455,70.34677279729472,0.7720550106859755,2.637701988220215
run_1779995004_3062f7e4,1779995485.9712315,1779996685.6846917,1199.7134602069855,601,29.342594146728516,0.0,schedule[7],1,56,50,18,262,21,20,111,27,163.79602815625705,7.874472413857778,75.0874111819618,0.7876827201513461,2.725797653198242
run_1779999473_4e5d82cd,1779999953.9935532,1780001153.7100513,1199.7164981365204,601,26.261714935302734,0.0,schedule[0],1,13,50,9,255,34,20,673,45,160.4818787555008,9.244829844236374,310.66359940467913,3.442836888905229,5.542749881744385
run_1780001335_1c2c5ae5,1780001817.0084865,1780003016.7184048,1199.7099182605743,601,25.061067581176758,0.0,schedule[1],1,56,50,10,255,26,20,669,44,129.43484471974693,8.058533767461777,258.97624859501354,3.062568531036377,5.058791160583496
run_1780003198_fc5b0fdf,1780003680.0201643,1780004879.7264585,1199.706294298172,601,25.194469451904297,0.0,schedule[2],20,989,50,1,1,32,20,448,5,132.84882998165259,7.850265793800354,211.51885098351414,2.235305731976792,4.574751853942871
run_1780005061_6aa17d4e,1780005543.0327778,1780006742.7474408,1199.714663028717,601,25.861433029174805,0.0,schedule[3],20,935,50,1,1,19,20,453,49,139.50273586719896,8.087036265134811,145.35231633950443,2.282119442907612,3.7824621200561523
run_1780052271_513c8b16,1780052273.3312504,1780053473.034737,1199.7034866809845,601,24.927698135375977,0.0,schedule[0],3,2,50,20,506,47,1,524,2,155.521045403992,7.6606244480609895,2.133903061408741,0.2416908953871046,0.4349956512451172
run_1780053655_f25b4c52,1780054136.3377829,1780055336.048835,1199.7110521793365,601,23.638790130615234,0.0,schedule[1],3,2,50,20,506,47,1,495,3,80.33933269392632,4.824166418711345,2.5529908198256823,0.25804544382592287,0.47905588150024414
run_1780055518_e9bfe56d,1780055999.3490136,1780057199.0601742,1199.71116065979,601,23.46104621887207,0.0,schedule[2],3,2,50,20,519,48,1,524,2,84.51234395077785,5.003079892794291,2.5285043005109853,0.23355892451122554,0.47905588150024414
run_1780057381_516480a2,1780057862.3592007,1780059062.0712104,1199.7120096683502,601,23.683202743530273,0.0,schedule[3],3,2,50,20,519,48,1,495,3,84.40505050279901,5.035723985036214,2.537125076739574,0.24217970073981443,0.47905588150024414
run_1780059244_43271aeb,1780059725.3710027,1780060925.091651,1199.7206482887268,601,23.549909591674805,0.0,schedule[4],2,2,48,20,506,47,1,524,2,82.86374587188828,4.9758434053262075,2.5475890034562316,0.2526436274564719,0.47905588150024414
run_1780061107_41a1a796,1780061588.3823369,1780062788.0904608,1199.708123922348,601,23.772083282470703,0.0,schedule[5],2,2,48,20,506,47,1,495,3,83.0982924339983,4.979288604259491,2.5447848561529547,0.24983948015319515,0.47905588150024414
run_1780062970_c28150ce,1780063451.3934734,1780064651.1052983,1199.7118248939514,601,23.86095428466797,0.0,schedule[6],2,2,48,20,519,48,1,524,2,83.74345629930336,4.995816320975622,2.544220489359042,0.2492751133592823,0.47905588150024414
run_1780064833_6be69cae,1780065314.4050083,1780066514.1232004,1199.718192100525,601,23.994287490844727,0.0,schedule[7],2,2,48,20,519,48,1,495,3,85.19426355529158,5.048410734732946,2.988465247661206,0.25181091711418013,0.5231304168701172
run_1780074340_140f2bef,1780074342.3619745,1780075542.1843722,1199.8223977088928,601,20.48548698425293,0.0,schedule[0],20,1000,46,20,455,26,20,150,1,80.2380583152144,5.498053844769796,202.41824323607693,1.1111585470346304,4.486725807189941
run_1780075724_4d8d0c41,1780076205.477359,1780077405.1958508,1199.7184917926788,601,27.907793045043945,0.0,schedule[1],20,1000,46,20,455,26,20,62,50,138.0395929946863,7.095024585723877,63.47870051576548,0.698292558112841,2.5056018829345703
run_1780077587_ee76cc68,1780078068.4900854,1780079267.2095504,1198.7194650173187,600,28.90985107421875,0.0,schedule[2],20,1000,46,20,457,14,20,150,1,146.85068482134932,7.668227107922236,154.37089723171874,1.1374775624414633,3.914504051208496
run_1780079449_24e0012d,1780079930.5009754,1780081129.217942,1198.7169666290283,600,28.525257110595703,0.0,schedule[3],20,1000,46,20,457,14,20,62,50,146.49128469603355,7.410293345053991,67.99204380007332,0.7206108652787402,2.5936737060546875
run_1780081311_8952b2db,1780081792.5130403,1780082992.2190468,1199.706006526947,601,28.861785888671875,0.0,schedule[4],6,1000,49,20,455,26,20,150,1,143.36092835212128,7.259368232488632,57.14941364076093,0.8152121711709646,2.3734827041625977
run_1780083174_5148954b,1780083655.5266767,1780084855.2444713,1199.7177946567535,600,29.102149963378906,0.0,schedule[5],6,1000,49,20,455,26,20,62,50,152.68769818507755,7.369385707756514,22.771710232569436,0.4959962869232351,1.4925050735473633
run_1780085037_5232a092,1780085518.5378478,1780086718.2484303,1199.7105824947357,601,28.957948684692383,0.0,schedule[6],6,1000,49,20,457,14,20,150,1,145.41480042407701,7.316145878235499,57.14220119402351,0.8079997244335356,2.3734827041625977
run_1780086900_e9a979df,1780087381.5510468,1780088580.2697527,1198.7187058925629,600,28.621408462524414,0.0,schedule[7],6,1000,49,20,457,14,20,62,50,145.09604651083353,7.153703847726186,22.781223561262262,0.5055096156160597,1.4925050735473633
run_1780528243_a1d000ef,1780528244.4209983,1780529444.1319861,1199.7109878063202,601,21.86184310913086,0.0,schedule[0],1,998,3,19,456,49,7,81,50,120.26879157292004,6.8157600124677025,10.461911555201597,0.30413811446646966,1.0078577995300293
run_1780529626_222115b5,1780530107.4309998,1780531307.1479416,1199.716941833496,601,24.394285202026367,0.0,schedule[1],1,998,3,19,456,49,7,79,47,113.95316623145462,6.185929379065832,12.286932185762604,0.27499787012736004,1.09598970413208
run_1780531489_5f4a454f,1780531970.443218,1780533170.146875,1199.70365691185,601,24.438722610473633,0.0,schedule[2],1,998,3,19,456,49,7,80,46,125.21027188452642,6.674902920325597,12.302460588545227,0.29052627290998184,1.09598970413208
run_1780533352_8b386761,1780533833.454346,1780535033.1613042,1199.7069582939148,601,24.394285202026367,0.0,schedule[0],1,998,3,19,456,49,7,81,50,121.37813800138099,6.563137848774592,12.310796339794935,0.29886202415969104,1.09598970413208
run_1780535215_47d52d19,1780535696.4658823,1780536896.185337,1199.7194547653198,601,24.57208251953125,0.0,schedule[1],1,998,3,19,456,49,7,79,47,129.86520981855196,6.867989223400752,11.348952909428952,0.28380803672634825,1.0519099235534668
run_1780537078_343f2a9f,1780537559.4774513,1780538759.1935298,1199.7160785198212,601,24.260963439941406,0.0,schedule[2],1,998,3,19,456,49,7,80,46,116.82393618570536,6.392936270634333,12.289480957136758,0.27754664150151337,1.09598970413208
run_1780538941_5f735dc2,1780539422.490105,1780540622.1951866,1199.7050817012787,601,24.305397033691406,0.0,schedule[0],1,998,3,19,456,49,7,81,50,116.87234483215609,6.4024210949738825,11.354213361614752,0.2890684889121489,1.0519099235534668
run_1780540804_9e56ad78,1780541285.5010822,1780542485.214354,1199.713271856308,601,24.34983253479004,0.0,schedule[1],1,998,3,19,456,49,7,79,47,118.38789714721989,6.448060349623362,11.353639647121621,0.28849477441901833,1.0519099235534668
run_1780546896_1e418bf6,1780547377.539275,1780548577.252702,1199.713427066803,601,24.749921798706055,0.0,schedule[0],1,998,3,7,671,44,1,986,48,144.6714180566859,7.342552275657654,0.8899951719830688,0.2207881628577389,0.25869035720825195
run_1780548759_97b86532,1780549240.551431,1780550440.2560625,1199.7046315670013,601,23.816524505615234,0.0,schedule[1],1,998,3,17,671,44,1,984,49,91.90447573854125,5.395899067719777,0.6873881420733188,0.22668014884625792,0.21464109420776367
run_1780550622_0a5fb619,1780551103.561579,1780552303.2686386,1199.707059621811,601,23.86095428466797,0.0,schedule[2],1,998,3,8,672,44,1,982,49,92.80271558419422,5.447264708280564,0.9312632931516243,0.2620562840262944,0.25869035720825195
run_1780553758_a295a458,1780554239.676846,1780555439.2997682,1199.6229221820831,601,25.55017852783203,0.0,schedule[0],1,998,3,7,671,44,1,495,50,130.01020190680762,6.760076322158178,0.9079292077974743,0.23872219867214434,0.25869035720825195
run_1780555621_9e1366c3,1780556102.5935059,1780557302.2995136,1199.70600771904,601,24.083168029785156,0.0,schedule[1],1,998,3,7,671,44,1,517,50,94.65089335667278,5.523634303808212,0.9029688751672844,0.23376186604195454,0.25869035720825195
run_1780557484_ef775909,1780557965.6041229,1780559165.3180537,1199.7139308452606,601,23.949857711791992,0.0,schedule[2],1,998,3,17,671,44,1,517,50,95.50060549364761,5.611865075031917,0.8929262444729948,0.22371923534766489,0.25869035720825195
run_1780559347_c6a37450,1780559828.6166174,1780561028.3246505,1199.7080330848694,601,24.172046661376953,0.0,schedule[3],1,998,3,17,671,44,1,541,49,97.40170247362232,5.668963828086853,0.9010825375852936,0.2318755284599636,0.25869035720825195
run_1780561210_75abf2ae,1780561691.6245766,1780562891.3333185,1199.708741903305,601,23.994287490844727,0.0,schedule[4],1,998,3,8,672,44,1,495,50,95.3841076240118,5.579568359851837,0.9071279223614008,0.2379209132360709,0.25869035720825195
run_1780563073_e2251f80,1780563554.6400816,1780564754.3516717,1199.711590051651,601,23.994287490844727,0.0,schedule[5],1,998,3,8,672,44,1,541,49,96.9774544474005,5.6490629581610365,0.906036421076688,0.2368294119513581,0.25869035720825195
