decision_idx,elapsed_s,temp,error,old_kp,old_ki,old_kd,kp,ki,kd,changed,mpc_cost,current_pid_cost,horizon_overshoot_max,horizon_overshoot_rmse,horizon_mae,horizon_final_abs_error,horizon_near_std,pid_change_norm,n_evaluated,n_history_candidates,horizon_steps,optimize_ms
1,0.0,27.0,-27.0,6.0,997.0,16.0,25.0,994.0,1.0,True,62.19942677926463,63.542534437961876,0.0,0.0,24.924112433474512,24.692247501574457,0.0,0.5078161528370485,768,0,20,16152.222700002312
2,10.0,25.33886307477951,-25.33886307477951,25.0,994.0,1.0,23.0,1000.0,20.0,True,61.61139787262723,61.77435881234705,0.0,0.0,24.64799808311509,24.619246584828943,0.0,0.5778413982572259,768,0,20,15847.521900002903
3,20.0,24.539182528853416,-24.539182528853416,23.0,1000.0,20.0,50.0,1000.0,20.0,True,60.44568160084341,61.52715616771302,0.0,0.0,24.251418668963016,23.879325890215114,0.0,0.31813178098203865,768,0,20,15870.278100002906
4,30.0,24.576817739056423,-24.576817739056423,50.0,1000.0,20.0,14.0,952.0,8.0,True,57.765142133470675,59.951888127741405,0.0,0.0,23.33896707990207,22.163214901695028,0.0,0.560052281902081,768,0,20,15844.871799999964
5,40.0,24.041280942270532,-24.041280942270532,14.0,952.0,8.0,10.0,735.0,1.0,True,55.8267096488389,56.230433502816595,0.0,0.0,22.579135597357528,21.331849234411493,0.0,0.2513836918096628,768,0,20,15931.362199997238
6,50.0,23.31914279074408,-23.31914279074408,10.0,735.0,1.0,11.0,701.0,1.0,True,54.17683174594761,54.18301425504033,0.0,0.0,21.922101787338033,20.66479811281897,0.0,0.022911486205927204,768,0,20,15783.594300002733
7,60.0,22.630973549792543,-22.630973549792543,11.0,701.0,1.0,12.0,699.0,1.0,True,52.517939988005786,52.56294126587454,0.0,0.0,21.261272698501124,19.990552397677675,0.0,0.01183921647012462,768,0,20,16543.93340000388
8,70.0,21.991043167421594,-21.991043167421594,12.0,699.0,1.0,13.0,794.0,1.0,True,50.87713141776975,50.89461006599013,0.0,0.0,20.603569678077474,19.338861057767645,0.0,0.05615327309845369,768,0,20,16477.935800001433
9,80.0,21.33303497196175,-21.33303497196175,13.0,794.0,1.0,4.0,708.0,1.0,True,49.09121689917216,49.22883250417654,0.0,0.0,19.895024940976874,18.59999176324345,0.0,0.11711355966832027,768,0,20,15999.637799999618
10,90.0,20.604015844175592,-20.604015844175592,4.0,708.0,1.0,15.0,644.0,1.0,True,47.169575272618204,47.32200379970018,0.0,0.0,19.151508652279155,17.73042026371695,0.0,0.13478362014215567,768,0,20,16106.698999996297
11,100.0,19.962934041628614,-19.962934041628614,15.0,644.0,1.0,4.0,661.0,1.0,True,45.196475621031105,45.36951226296369,0.0,0.0,18.358508587488906,16.956317270407453,0.0,0.12998108495678345,768,0,20,16450.116400003026
12,110.0,19.1570783352945,-19.1570783352945,4.0,661.0,1.0,19.0,819.0,1.0,True,43.078610951743315,43.30252616258804,0.0,0.0,17.52807229817845,16.04095401824452,0.0,0.19893462641551687,768,0,20,16242.603300001065
13,120.0,18.404540049144998,-18.404540049144998,19.0,819.0,1.0,4.0,674.0,1.0,True,40.88831580031025,41.16817845629994,0.0,0.0,16.661723529780282,15.125825481722131,0.0,0.19559998886202087,768,0,20,15924.142100004246
14,130.0,17.520952785620466,-17.520952785620466,4.0,674.0,1.0,5.0,759.0,1.0,True,38.928212045517526,38.93304795476142,0.0,0.0,15.86007810072042,14.415101343998685,0.0,0.050517207734261396,768,0,20,16100.600600002508
15,140.0,16.678345734486356,-16.678345734486356,5.0,759.0,1.0,17.0,974.0,1.0,True,36.75439940632609,36.96284869017545,0.0,0.0,15.004525881120935,13.48693067044951,0.0,0.18823088594636428,768,0,20,16238.70710000483
16,150.0,15.89430113346316,-15.89430113346316,17.0,974.0,1.0,5.0,860.0,1.0,True,34.63559418800626,34.823975629382765,0.0,0.0,14.14113227375783,12.703539515146986,0.0,0.15598829171060377,768,0,20,15922.442499999306
17,160.0,14.942593479761854,-14.942593479761854,5.0,860.0,1.0,16.0,899.0,1.0,True,32.5129820867528,32.68616527023259,0.0,0.0,13.303355433652177,11.809911350021139,0.0,0.13155444378730533,768,0,20,16147.268499997153
18,170.0,14.178657638141885,-14.178657638141885,16.0,899.0,1.0,4.0,1000.0,1.0,True,30.418165073885117,30.61286034511868,0.0,0.0,12.446077959844843,11.048958974191919,0.0,0.1529667099471682,768,0,20,16592.402400005085
19,180.0,13.222118774661794,-13.222118774661794,4.0,1000.0,1.0,13.0,558.0,2.0,True,28.358713200117556,28.526743672066367,0.0,0.0,11.639319630572572,10.154582971939817,0.0,0.278245300250134,768,0,20,16614.461400000437
20,190.0,12.4949459976051,-12.4949459976051,13.0,558.0,2.0,6.0,1000.0,1.0,True,26.296020137694683,26.479838068806565,0.0,0.0,10.787683691317216,9.435902627417818,0.0,0.2701441351342114,768,0,20,16769.550700002583
21,200.0,11.558795722434297,-11.558795722434297,6.0,1000.0,1.0,16.0,993.0,11.0,True,24.382988493657262,24.475462906085887,0.0,0.0,10.023764791944995,8.6643990597222,0.0,0.32593799061725565,768,0,20,16791.85359999974
22,210.0,10.853877345332876,-10.853877345332876,16.0,993.0,11.0,13.0,1000.0,1.0,True,22.47767355119013,22.67196429374162,0.0,0.0,9.248706303769723,7.954403000185266,0.0,0.30594435580525325,768,0,20,16533.87980000116
23,220.0,10.007884728023782,-10.007884728023782,13.0,1000.0,1.0,10.0,498.0,1.0,True,20.71563151248694,20.734163293265738,0.0,0.0,8.548219545045868,7.232539536664262,0.0,0.2922654063073768,768,0,20,16463.453199998185
24,230.0,9.28898816020228,-9.28898816020228,10.0,498.0,1.0,7.0,1.0,2.0,True,18.84963439005964,19.037154173129238,0.0,0.0,7.801561833033338,6.487201685318723,0.0,0.2909881333603005,768,0,20,16411.156800000754
25,240.0,8.643545681843534,-8.643545681843534,7.0,1.0,2.0,6.0,2.0,1.0,True,17.10014791538397,17.20195143970195,0.0,0.0,7.105964179569855,5.775787184247747,0.0,0.032596412038548406,768,0,20,16510.688200003642
26,250.0,7.869428614387289,-7.869428614387289,6.0,2.0,1.0,7.0,14.0,1.0,True,15.481586418507545,15.483684370690025,0.0,0.0,6.42232711375691,5.273590939352289,0.0,0.013672131758192294,768,0,20,16567.555400004494
27,260.0,7.10768691659905,-7.10768691659905,7.0,14.0,1.0,37.0,758.0,1.0,True,13.84130462014858,13.99296847882215,0.0,0.0,5.745592748234048,4.689105781028047,0.0,0.556623316645996,768,0,20,16960.59310000419
28,270.0,6.377537833759561,-6.377537833759561,37.0,758.0,1.0,4.0,270.0,1.0,True,11.592177518378238,12.461299183988013,0.0,0.0,4.860336131835356,3.7334036922547966,0.0,0.48034085801265475,768,0,20,17159.33059999952
29,280.0,5.529264437267557,-5.529264437267557,4.0,270.0,1.0,40.0,1000.0,1.0,True,9.978975328168863,10.06203573795501,0.0,0.0,4.185902212420478,3.202376621076837,0.0,0.5982592789488578,768,0,20,16543.139399997017
30,290.0,4.822428094455972,-4.822428094455972,40.0,1000.0,1.0,3.0,1000.0,1.0,True,7.64463850645504,8.68388126345817,0.0,0.0,3.2992628055159003,2.0835066235158592,0.0,0.4359583665309419,768,0,20,16385.375199999544
31,300.0,4.027346896240488,-4.027346896240488,3.0,1000.0,1.0,3.0,1000.0,1.0,False,6.167248096926512,6.167248096926512,0.0,0.0,2.637847244599834,1.4308428859803826,0.17613216473665247,0.0,768,0,20,15843.756100002793
32,310.0,3.3460959440562874,-3.3460959440562874,3.0,1000.0,1.0,37.0,1000.0,1.0,True,4.622167360593858,4.791058342554571,0.0,0.0,1.922782245883718,0.937504286179319,0.30384462182809996,0.4006103908662709,768,0,20,16115.62319999939
33,320.0,2.5826213678810745,-2.5826213678810745,37.0,1000.0,1.0,5.0,862.0,1.0,True,2.839571209572628,3.4521181342581566,0.0,0.0,1.1292252881918103,0.0037555417511612177,0.5753889850098081,0.38538773036185386,768,0,20,16499.092799997015
34,330.0,1.7522463819477707,-1.7522463819477707,5.0,862.0,1.0,18.0,1000.0,1.0,True,12.309266100715371,51.22419969913586,0.11586020677350461,0.026242025018412253,0.819253689236939,0.11586020677350461,0.5550243880538975,0.17269383681068284,768,0,20,16142.924399995536
35,340.0,1.3562431505415589,-1.3562431505415589,18.0,1000.0,1.0,50.0,1000.0,20.0,True,46.125615379554176,56.909285154684454,0.49065743177197874,0.16988078629962886,0.5036524557508528,0.49065743177197874,0.5170679972925529,0.6895624126773229,768,0,20,15912.963599999784
36,350.0,0.8417458704207093,-0.8417458704207093,50.0,1000.0,20.0,46.0,1000.0,20.0,True,81.1260535152369,83.7919679779816,0.8474833050277084,0.3867376814220414,0.4140999791910872,0.8474833050277084,0.4728457531207776,0.04713063421956128,768,0,20,16355.1088000022
37,360.0,0.36042963177897036,-0.36042963177897036,46.0,1000.0,20.0,1.0,1000.0,20.0,True,97.87546442815434,124.33718617622351,0.9514711636584252,0.6640479559347353,0.5986925810109824,0.5224982413928956,0.3723961783701623,0.5302196349700645,768,0,20,16544.01279999729
38,370.0,-0.23556854366324842,0.23556854366324842,1.0,1000.0,20.0,1.0,1.0,20.0,True,44.485728354455944,98.09086986975238,0.44587575807236135,0.1972369061344096,0.7675165954628028,1.289839958306402,0.7128338518640455,0.5773502691896257,768,0,20,16010.032500002126
39,380.0,-0.34642313211224973,0.34642313211224973,1.0,1.0,20.0,1.0,1.0,6.0,True,19.72329164870579,21.869874592003313,0.184370277216658,0.041282403173774254,1.1985648134868825,1.4480714373639785,0.6097778706259288,0.42541598782393475,768,0,20,15841.176399997494
40,390.0,0.6656289121601731,-0.6656289121601731,1.0,1.0,6.0,1.0,1000.0,1.0,True,2.384807151372015,3.68287150128199,0.0,0.0,0.9455149591900408,0.20740279671736062,0.3841057646237181,0.597007000953458,768,0,20,15845.833799998218
41,400.0,1.4247374481055886,-1.4247374481055886,1.0,1000.0,1.0,39.0,1000.0,11.0,True,1.5984558492697727,19.102098855907602,0.0,0.0,0.5913974497932941,0.0028108854312449694,0.4088443321509317,0.5411174816630374,768,0,20,16134.107999998378
42,410.0,0.9450489480514079,-0.9450489480514079,39.0,1000.0,11.0,42.0,1000.0,11.0,True,27.405861922524277,29.044668334613636,0.29264791938476264,0.0942923632753326,0.34285758549813183,0.29264791938476264,0.33286486303799545,0.03534797566467096,768,0,20,17714.770300000964
43,420.0,0.5701258343178779,-0.5701258343178779,42.0,1000.0,11.0,39.0,1000.0,5.0,True,52.308051629031425,56.25912117365806,0.5495832513552159,0.2404062434510561,0.270216639037244,0.5495832513552159,0.312122152146914,0.18571611834600427,768,0,20,17251.432900004147
44,430.0,0.26242610183544457,-0.26242610183544457,39.0,1000.0,5.0,1.0,1.0,1.0,True,32.48802739208424,82.36666752160494,0.31983116711489856,0.14742955943847966,0.6183892605244182,1.1974132568575442,0.6357554774351538,0.740661282520475,768,0,20,16492.206599999918
45,440.0,-0.3127130677457899,0.3127130677457899,1.0,1.0,1.0,1.0,1.0,10.0,True,30.55993494483869,31.18584338327394,0.3164808829315007,0.09953592194948409,0.6806981408968568,0.8444519201293588,0.46902959291114094,0.27348170645824377,768,0,20,16389.409099996556
46,450.0,0.151487376075238,-0.151487376075238,1.0,1.0,10.0,1.0,1.0,1.0,True,1.8699237861842006,2.1257856676449327,0.0,0.0,0.7385407185647637,0.16859269561246037,0.3058111841838606,0.27348170645824377,768,0,20,16034.81489999831
47,460.0,0.9720902252011001,-0.9720902252011001,1.0,1.0,1.0,48.0,1.0,16.0,True,1.5240340550902216,23.329207136482506,0.0,0.0,0.5841088918852619,0.020872193155810237,0.3382077692468623,0.7172405494930254,768,0,20,16001.721499997075
48,470.0,0.9180520873051137,-0.9180520873051137,48.0,1.0,16.0,46.0,915.0,20.0,True,11.395428176556031,24.584610921532096,0.11715200659818947,0.02980914064162946,0.386065095406957,0.11715200659818947,0.2928618118418855,0.5425423497095592,768,0,20,15967.234800002188
49,480.0,0.6515528175514191,-0.6515528175514191,46.0,915.0,20.0,46.0,1000.0,20.0,True,32.96762324311209,34.069635190519605,0.3496493559796363,0.13361303816700096,0.262389196222648,0.3496493559796363,0.28718931032825884,0.04912389677789609,768,0,20,17570.681900004274
50,490.0,0.3911997068207711,-0.3911997068207711,46.0,1000.0,20.0,43.0,1000.0,17.0,True,59.13401970783766,60.94434235911713,0.6172207270283252,0.2877942040721015,0.2633307292824611,0.6172207270283252,0.28628586267879835,0.09777386507175317,768,0,20,17560.35669999983
51,500.0,0.14014478656463325,-0.14014478656463325,43.0,1000.0,17.0,40.0,1000.0,12.0,True,85.92227457540756,87.19394421620294,0.8741672274190933,0.48213695462821154,0.39689589776098727,0.8741672274190933,0.2923524137646244,0.15599200376204905,768,0,20,16669.08659999899
52,510.0,-0.10646436107344925,0.10646436107344925,40.0,1000.0,12.0,1.0,1000.0,20.0,True,105.62072032836328,113.66447735676849,1.0115461107925512,0.7582219428775502,0.7149544352811062,0.5255930703715421,0.25246914689300415,0.5198625991675664,768,0,20,16398.049399998854
53,520.0,-0.5886894587893039,0.5886894587893039,1.0,1000.0,20.0,1.0,66.0,20.0,True,100.08486397239776,105.65805281908715,0.9845156960655004,0.6276798456968066,0.6757345616584643,0.932928868336603,0.6698815094046999,0.5397849363594699,768,0,20,15920.416399996611
54,530.0,-0.9845156960655004,0.9845156960655004,1.0,66.0,20.0,1.0,9.0,13.0,True,89.65359931934054,93.51167371839146,0.9219446547795087,0.3927823011188562,1.0324787162477151,2.1280249177943915,0.9834355747999867,0.21524372215558568,768,0,20,16315.297100001771
55,540.0,-0.5642090768087655,0.5642090768087655,1.0,9.0,13.0,1.0,31.0,20.0,True,30.708860610626516,33.92068737604093,0.3006077141035348,0.07475813926404386,1.298706304980442,2.195566307520494,0.7201726641877637,0.21308765135197225,768,0,20,16600.216899998486
56,550.0,0.4951692938338965,-0.4951692938338965,1.0,31.0,20.0,1.0,781.0,1.0,True,3.7568230971849976,4.884542689801424,0.0,0.0,1.503432509303093,0.6910567039158195,0.397210246746394,0.7219479874508079,768,0,20,16140.939400000207
57,560.0,1.629005518509075,-1.629005518509075,1.0,781.0,1.0,1.0,1000.0,1.0,True,3.128120112145892,3.4494880387073854,0.0,0.0,1.1515036830678582,0.5249013460706919,0.561396410222552,0.1265662752277558,768,0,20,15956.782400004158
58,570.0,1.8508964830543846,-1.8508964830543846,1.0,1000.0,1.0,1.0,1000.0,1.0,False,2.334190981506027,2.334190981506027,0.0,0.0,0.8213715934569337,0.5054073093560874,0.4387441399141163,0.0,768,0,20,16431.25660000078
59,580.0,1.227997569134459,-1.227997569134459,1.0,1000.0,1.0,1.0,1000.0,1.0,False,1.4974121113788879,1.4974121113788879,0.0,0.0,0.5630441020875878,0.49767480204900494,0.12248650617920968,0.0,768,0,20,16501.592000000528
60,590.0,0.5296724454965442,-0.5296724454965442,1.0,1000.0,1.0,1.0,92.0,1.0,True,1.1269565077768908,1.2661334092107972,0.0,0.0,0.4588245592545718,0.11235914845019579,0.14788022701037548,0.5247588032274076,768,0,20,15929.312400003255
61,600.0,0.5797715131193399,-0.5797715131193399,1.0,92.0,1.0,1.0,176.0,1.0,True,0.9736350197327777,23.300620454503484,0.0,0.0,0.3956591626163572,0.012390494346618652,0.1756359876409489,0.04854596858050907,768,0,20,15914.239899997483
62,610.0,0.5549153024330735,-0.5549153024330735,1.0,176.0,1.0,1.0,298.0,1.0,True,0.7189752079970103,12.890617377669672,0.0,0.0,0.26177673448692074,0.020179978746455163,0.18462667724912907,0.07050724008121556,768,0,20,15958.840100000089
63,620.0,0.4470398025587201,-0.4470398025587201,1.0,298.0,1.0,1.0,1000.0,1.0,True,0.5423676547662303,0.6369701525597988,0.0,0.0,0.17452156137442215,0.21407381794415414,0.082230567099652,0.405705594565683,768,0,20,15921.324100003403
64,630.0,0.21332627534866333,-0.21332627534866333,1.0,1000.0,1.0,1.0,1000.0,2.0,True,0.552722845628568,0.5765866302315299,0.0,0.0,0.1833268184098415,0.2678073027636856,0.05186168886431084,0.030386856273138196,768,0,20,17404.87839999696
65,640.0,0.14258765173144639,-0.14258765173144639,1.0,1000.0,2.0,1.0,124.0,1.0,True,0.5384380783833145,0.5977765484082613,0.0,0.0,0.20453138617119748,0.10413705321343514,0.07223501728052585,0.5071762153676106,768,0,20,17246.56180000602
66,650.0,0.1274463864633617,-0.1274463864633617,1.0,124.0,1.0,1.0,190.0,2.0,True,0.5132374821820105,7.013312324515303,0.0,0.0,0.20806802992092344,0.0005209380419728404,0.09635327828434555,0.04876750348315594,768,0,20,16538.15089999989
67,660.0,0.3015620619648871,-0.3015620619648871,1.0,190.0,2.0,1.0,1000.0,1.0,True,0.4469022773394511,10.145634599358477,0.0,0.0,0.1697056204088767,0.05586179412284764,0.07486906902795183,0.46910704323220215,768,0,20,16223.11240000272
68,670.0,0.2422091555440602,-0.2422091555440602,1.0,1000.0,1.0,1.0,1000.0,1.0,False,0.332651434931938,0.332651434931938,0.0,0.0,0.11921511868067683,0.06351169992785799,0.06246534760665532,0.0,768,0,20,16070.898199999647
69,680.0,0.18044467057416114,-0.18044467057416114,1.0,1000.0,1.0,1.0,96.0,2.0,True,0.22049183674567796,0.2514870693110323,0.0,0.0,0.06688316050067442,0.05985992887372049,0.05156225097841123,0.5233300329057653,768,0,20,16272.292500005278
70,690.0,0.09088880355784568,-0.09088880355784568,1.0,96.0,2.0,1.0,57.0,2.0,True,0.09557030852415269,0.13120632251724187,0.0,0.0,0.031760069878600916,0.026008529408954928,0.018820512065492453,0.0225391996980935,768,0,20,16715.16100000008
71,700.0,0.005165136617961252,-0.005165136617961252,1.0,57.0,2.0,1.0,85.0,2.0,True,0.07950642230116058,1.4143102530588374,0.0,0.0,0.03076969598375854,0.0029549336295531248,0.01632774362359857,0.016181989526836357,768,0,20,16919.56229999778
72,710.0,0.03225099075370963,-0.03225099075370963,1.0,85.0,2.0,1.0,227.0,1.0,True,0.09740534367699065,2.9204096593592035,0.0,0.0,0.038634681604344225,5.86468786423211e-05,0.0192315480514769,0.08751089775041355,768,0,20,16869.644500002323
73,720.0,0.04952759075695212,-0.04952759075695212,1.0,227.0,1.0,1.0,1000.0,1.0,True,0.07794176230369386,0.7800396968656566,0.0,0.0,0.02792611136792402,0.0017814815591918887,0.016731413822448263,0.4467384965801609,768,0,20,17017.520900000818
74,730.0,0.046304971107929305,-0.046304971107929305,1.0,1000.0,1.0,1.0,988.0,1.0,True,0.052020849163789434,0.13471382387847686,0.0,0.0,0.01763177261218516,0.0007720285148025141,0.016301938298331417,0.006935138368644154,768,0,20,16831.439900000987
75,740.0,0.03726651872148068,-0.03726651872148068,1.0,988.0,1.0,1.0,989.0,1.0,True,0.027657359932545034,0.027821151634123627,0.0,0.0,0.008079813930817182,0.0049153746740557835,0.00903426545190891,0.0005779281973870128,768,0,20,16778.764700000465
76,750.0,0.013881466617931437,-0.013881466617931437,1.0,989.0,1.0,1.0,989.0,1.0,False,0.01540830816958714,0.01540830816958714,0.0,0.0,0.004227598863690218,0.007780551321957319,0.003062834781228045,0.0,768,0,20,16531.583600000886
77,760.0,0.002628716877552506,-0.002628716877552506,1.0,989.0,1.0,5.0,964.0,1.0,True,0.010466621326460195,0.017621113536681877,0.0,0.0,0.0027637378096187605,0.003540940023412986,0.002675720595352641,0.049295510016353995,768,0,20,16717.902600001253
78,770.0,0.0051508687292880495,-0.0051508687292880495,5.0,964.0,1.0,5.0,964.0,1.0,False,0.010398641134034216,0.010398641134034216,0.0,0.0,0.0025367454942170297,0.0064830662677195505,0.0020836170117403802,0.0,768,0,20,16264.207300002454
79,780.0,0.0008558028466723044,-0.0008558028466723044,5.0,964.0,1.0,5.0,964.0,1.0,False,0.012999155934412846,0.012999155934412846,0.0,0.0,0.003615871615420474,0.006264071426812734,0.0026353769901655316,0.0,768,0,20,16264.799499993387
80,790.0,0.00044491083190223435,-0.00044491083190223435,5.0,964.0,1.0,5.0,964.0,1.0,False,0.014946312762791361,0.014946312762791361,0.0,0.0,0.0050808934784072335,0.005721546299355396,0.001923752656299196,0.0,768,0,20,16756.37359999382
81,800.0,0.003540940023412986,-0.003540940023412986,5.0,964.0,1.0,4.0,953.0,1.0,True,0.005109870667634409,0.013685548166032447,0.0,0.0,0.001986292181936733,0.0006542314849866671,0.0006762880890082945,0.013388247225931604,768,0,20,16583.788600000844
82,810.0,0.0015155780283748754,-0.0015155780283748754,4.0,953.0,1.0,4.0,922.0,1.0,True,0.017047146457338038,0.3650730013003954,0.0,0.0,0.0064258133655130225,0.004654351218960073,0.0016891863756419842,0.017915774118997398,768,0,20,16588.801200006856
83,820.0,0.0053259092828739085,-0.0053259092828739085,4.0,922.0,1.0,3.0,919.0,1.0,True,0.01111303995553471,0.014524330315888784,0.0,0.0,0.004353726354929676,0.002149868510059605,0.0012115576290091144,0.011909536163644034,768,0,20,16352.395900001284
84,830.0,0.003738682325092668,-0.003738682325092668,3.0,919.0,1.0,2.0,936.0,1.0,True,0.008014383344922521,0.009608317853044973,0.0,0.0,0.002874811895617313,0.0027116685241708183,0.000755511689856439,0.01534136017460465,768,0,20,16386.661500000628
85,840.0,0.002416927091871912,-0.002416927091871912,2.0,936.0,1.0,2.0,948.0,1.0,True,0.005561217072616407,0.009341073834796838,0.0,0.0,0.001804147529810507,0.002093970798796363,0.0008365852299107703,0.006935138368644154,768,0,20,16462.89539999998
86,850.0,0.002894893067605153,-0.002894893067605153,2.0,948.0,1.0,2.0,953.0,1.0,True,0.0046083240717065205,0.006307734236162265,5.364918251871131e-07,1.1996321904913188e-07,0.001223834751999675,0.002418197808765399,0.0008761410108686775,0.002889640986935064,768,0,20,16853.7587000028
87,860.0,0.0012814699266527896,-0.0012814699266527896,2.0,953.0,1.0,2.0,953.0,1.0,False,0.005035713036033784,0.005035713036033784,5.364918251871131e-07,1.1996321904913188e-07,0.0013696266771148658,0.00250574964502448,0.0009970666167053702,0.0,768,0,20,16887.889900004666
88,870.0,-5.364918251871131e-07,5.364918251871131e-07,2.0,953.0,1.0,2.0,953.0,1.0,False,0.004899819204822945,0.004899819204822945,0.0,0.0,0.0017460896873672028,0.001201823622068332,0.0008067280190543727,0.0,768,0,20,16711.54199999728
89,880.0,0.0012188926639282727,-0.0012188926639282727,2.0,953.0,1.0,3.0,915.0,2.0,True,0.006035089325357374,0.09732559292524812,0.0,0.0,0.0023049686388276315,0.0006649311540058989,0.0006996865314226738,0.03929999392764878,768,0,20,16620.201800003997
90,890.0,0.0028304943366492807,-0.0028304943366492807,3.0,915.0,2.0,3.0,899.0,2.0,True,0.009528552130322495,0.17230137452732436,0.0,0.0,0.003856449841896392,0.00197069758314683,0.0007378351433743719,0.009246851158192205,768,0,20,16407.275600002322
91,900.0,0.004086785208983201,-0.004086785208983201,3.0,899.0,2.0,2.0,916.0,2.0,True,0.009183626455404282,0.11584776131165068,0.0,0.0,0.0033580356781612863,0.00218253253842704,0.0012228752281221434,0.01534136017460465,768,0,20,16332.122200001322
92,910.0,0.0023514333165621792,-0.0023514333165621792,2.0,916.0,2.0,1.0,956.0,2.0,True,0.007336033879803876,0.06291928183197082,0.0,0.0,0.0026255343422235456,0.001373030788727192,0.0011389825304642966,0.02594672705288922,768,0,20,16319.996199999878
93,920.0,0.002377670588884939,-0.002377670588884939,1.0,956.0,2.0,2.0,914.0,4.0,True,0.005360455864137602,0.00652111037114754,0.0,0.0,0.0018220359303086297,0.0010523579235268699,0.0005252649733572428,0.06649400683996645,768,0,20,16996.89120000403
94,930.0,0.002277900002354727,-0.002277900002354727,2.0,914.0,4.0,2.0,914.0,4.0,False,0.0038999956351813757,0.0038999956351813757,0.0,0.0,0.0014882268914334419,0.000850059826461802,0.0004985119390835908,0.0,768,0,20,17165.21250000369
95,940.0,0.0019732607356672816,-0.0019732607356672816,2.0,914.0,4.0,2.0,914.0,4.0,False,0.0028786154771020737,0.0028786154771020737,0.0,0.0,0.001113748668012704,0.0005312495445650711,0.00038549336879413015,0.0,768,0,20,16780.091699998593
96,950.0,0.001408987356171565,-0.001408987356171565,2.0,914.0,4.0,1.0,949.0,2.0,True,0.006544847695678447,0.00841347314942511,0.0,0.0,0.002313889273773384,0.0006697001458633167,0.0009309567312929013,0.06512623439071186,768,0,20,16248.308299997007
97,960.0,0.0034942187462547736,-0.0034942187462547736,1.0,949.0,2.0,1.0,955.0,3.0,True,0.004104449027866547,0.004628414631000172,0.0,0.0,0.0014419090252431488,0.0013655881975864759,0.0002319962223275113,0.03058406562595003,768,0,20,16290.5374999973
98,970.0,0.0013575078314715938,-0.0013575078314715938,1.0,955.0,3.0,1.0,962.0,3.0,True,0.0024363030926047584,0.00354520771400411,0.0,0.0,0.000905960336967837,0.00048438947487738915,0.0003417327074132988,0.004045497381709089,768,0,20,16543.623300000036
99,980.0,0.0013230079980530718,-0.0013230079980530718,1.0,962.0,3.0,1.0,954.0,3.0,True,0.002904722631915134,0.010145614233369099,0.0,0.0,0.0011766178191919608,0.0007397805352411524,0.0001353624701196752,0.004623425579096102,768,0,20,16486.549900000682
100,990.0,0.001098089932838775,-0.001098089932838775,1.0,954.0,3.0,1.0,941.0,3.0,True,0.004751139402322466,0.017325253450176187,0.0,0.0,0.0018592745454725445,0.0011819912033388391,0.00036646404404764595,0.007513066566031166,768,0,20,16085.948499996448
101,1000.0,0.0017480078713560943,-0.0017480078713560943,1.0,941.0,3.0,1.0,941.0,3.0,False,0.004216653233267625,0.004216653233267625,0.0,0.0,0.0016682407999724091,0.0005183568864595145,0.0006209931900930496,0.0,768,0,20,16229.550600000948
102,1010.0,0.002244689723738702,-0.002244689723738702,1.0,941.0,3.0,1.0,948.0,4.0,True,0.0028930575346591703,0.003379047955792939,0.0,0.0,0.0009575421173394716,0.0010354421533520508,0.00015370254001782573,0.030654968328637584,768,0,20,16642.95509999647
103,1020.0,0.0007578892091260059,-0.0007578892091260059,1.0,948.0,4.0,1.0,948.0,4.0,False,0.0024363484463435507,0.0024363484463435507,0.0,0.0,0.000991984724055328,0.0007291302185876702,8.781388893905943e-05,0.0,768,0,20,16248.24400000216
104,1030.0,0.0009944601115421392,-0.0009944601115421392,1.0,948.0,4.0,1.0,948.0,4.0,False,0.0020141857991714564,0.0020141857991714564,0.0,0.0,0.0008356406839538977,0.00011477403450044221,0.0002855174140134402,0.0,768,0,20,16064.224300003843
105,1040.0,0.0010575218875601422,-0.0010575218875601422,1.0,948.0,4.0,1.0,926.0,3.0,True,0.0049879518724648296,0.04665761294869293,0.0,0.0,0.0018137275150365896,0.0001855286354839336,0.0009383364835668409,0.03293960410828429,768,0,20,16176.905799999076
106,1050.0,0.002932292965851957,-0.002932292965851957,1.0,926.0,3.0,1.0,935.0,4.0,True,0.0019231044845968326,0.031598618322514704,0.0,0.0,0.0006443925201892852,0.0003012176021002233,0.000175422609785002,0.030828803338314857,768,0,20,16109.703299996909
107,1060.0,0.0006169953558128327,-0.0006169953558128327,1.0,935.0,4.0,1.0,935.0,4.0,False,0.0012582572254826402,0.0012582572254826402,0.0,0.0,0.000493818590985029,4.6951707190601155e-05,0.00024714418991728175,0.0,768,0,20,16261.026699998183
108,1070.0,0.0007422881189995678,-0.0007422881189995678,1.0,935.0,4.0,2.0,848.0,4.0,True,0.00487936091377046,0.01725771204690312,0.0,0.0,0.0014694379267893964,0.000847080789753818,0.0010005257828437778,0.051641888247098006,768,0,20,15962.589700000535
109,1080.0,0.0024113300187309505,-0.0024113300187309505,2.0,848.0,4.0,1.0,896.0,3.0,True,0.006036105362703887,0.012916610105978832,0.0,0.0,0.0021267796078973332,0.001367850394672132,0.0006706337553884056,0.04279871941847481,768,0,20,16634.010800000397
110,1090.0,0.001774476770151523,-0.001774476770151523,1.0,896.0,3.0,1.0,896.0,3.0,False,0.004975447117952121,0.004975447117952121,0.0,0.0,0.0019835525199596304,0.0002930222744907951,0.0008618309407874629,0.0,768,0,20,16579.86230000097
111,1100.0,0.002900613480960601,-0.002900613480960601,1.0,896.0,3.0,2.0,819.0,4.0,True,0.007339831595324565,0.016227900731076356,0.0,0.0,0.0024859037731857826,0.0017028359388859826,0.0009650189138053737,0.055158716570463416,768,0,20,16211.27770000021
112,1110.0,0.0033189561017934466,-0.0033189561017934466,2.0,819.0,4.0,3.0,763.0,5.0,True,0.00428258758483557,0.004422510045580553,0.0,0.0,0.0012536708676407216,0.0011706148911798664,0.0007306324909854847,0.04593059129787091,768,0,20,16222.364699999162
113,1120.0,0.0012237894788995618,-0.0012237894788995618,3.0,763.0,5.0,3.0,763.0,5.0,False,0.002072506606481103,0.002072506606481103,0.0,0.0,0.0008273265406387509,8.158596438079257e-05,0.00037706054301320534,0.0,768,0,20,16069.564500001434
114,1130.0,0.0004772190204676008,-0.0004772190204676008,3.0,763.0,5.0,3.0,743.0,4.0,True,0.008123021414064553,0.16165332312466418,0.0,0.0,0.0031643394147977235,4.530538535618689e-05,0.0014465804587229518,0.03251094330680608,768,0,20,16031.127199996263
115,1140.0,0.004946602579366299,-0.004946602579366299,3.0,743.0,4.0,1.0,832.0,2.0,True,0.0066641270277116565,0.2241467380131832,0.0,0.0,0.0022869474483741214,0.000189478041647817,0.0011651684604562329,0.08303246496832731,768,0,20,16311.917200000607
116,1150.0,0.0031811131393624237,-0.0031811131393624237,1.0,832.0,2.0,1.0,843.0,3.0,True,0.004329254574048242,0.005109960431334156,0.0,0.0,0.001451945312510361,0.0012886957761111262,0.000470568777955035,0.031044728301692276,768,0,20,16700.454400001036
117,1160.0,0.0019366688266018173,-0.0019366688266018173,1.0,843.0,3.0,1.0,843.0,3.0,False,0.0045275695696033414,0.0045275695696033414,0.0,0.0,0.00146386482640537,0.0022573458468286844,0.0004711669933782593,0.0,768,0,20,16945.5014999985
118,1170.0,0.001580952115546097,-0.001580952115546097,1.0,843.0,3.0,1.0,850.0,2.0,True,0.003548005939469468,0.0057809841571460005,0.0,0.0,0.0009184854075101612,0.0010899330864049261,0.0008595188979603065,0.030654968328637584,768,0,20,16376.240300000063
119,1180.0,0.0016635083902656334,-0.0016635083902656334,1.0,850.0,2.0,1.0,850.0,2.0,False,0.003304629252839811,0.003304629252839811,0.0,0.0,0.0007897424250586482,0.0021585550475720083,0.0006458668789365104,0.0,768,0,20,16126.840299999458
120,1190.0,0.00022100526439317036,-0.00022100526439317036,1.0,850.0,2.0,1.0,846.0,1.0,True,0.003277747661628231,0.004705282539754756,0.0,0.0,0.0009955407945199113,0.0011987117231910815,0.00038256358669889513,0.03047466242939728,768,0,20,16784.729599996353
