elapsed_s,temp,temp_ref
2.0,23.95112954452634,0.0
4.0,23.871409963816404,0.0
6.0,23.771947126835585,0.0
8.0,23.66520508751273,0.0
10.0,23.554174657911062,0.0
12.0,23.441496420651674,0.0
14.0,23.327378753572702,0.0
16.0,23.212675269693136,0.0
18.0,23.097430806607008,0.0
20.0,22.9810175485909,0.0
22.0,22.86359376832843,0.0
24.0,22.74538241699338,0.0
26.0,22.625847291201353,0.0
28.0,22.505032498389482,0.0
30.0,22.38290363177657,0.0
32.0,22.25935425236821,0.0
34.0,22.134341958910227,0.0
36.0,22.007935378700495,0.0
38.0,21.880178812891245,0.0
40.0,21.75108775869012,0.0
42.0,21.620760265737772,0.0
44.0,21.489333603531122,0.0
46.0,21.356959778815508,0.0
48.0,21.22379032149911,0.0
50.0,21.08996829763055,0.0
52.0,20.955551404505968,0.0
54.0,20.820639792829752,0.0
56.0,20.685335759073496,0.0
58.0,20.549724478274584,0.0
60.0,20.413875345140696,0.0
62.0,20.277843791991472,0.0
64.0,20.1416733302176,0.0
66.0,20.005397502332926,0.0
68.0,19.869041685014963,0.0
70.0,19.732635471969843,0.0
72.0,19.596224773675203,0.0
74.0,19.45982391014695,0.0
76.0,19.323438722640276,0.0
78.0,19.187072817236185,0.0
80.0,19.050728116184473,0.0
82.0,18.914405468851328,0.0
84.0,18.778104919940233,0.0
86.0,18.64182611182332,0.0
88.0,18.505568493157625,0.0
90.0,18.369331542402506,0.0
92.0,18.23311499133706,0.0
94.0,18.09691895917058,0.0
96.0,17.960744220763445,0.0
98.0,17.82459234073758,0.0
100.0,17.68846606090665,0.0
102.0,17.55236964300275,0.0
104.0,17.41631292179227,0.0
106.0,17.280334372073412,0.0
108.0,17.14444874599576,0.0
110.0,17.008678156882524,0.0
112.0,16.87305961921811,0.0
114.0,16.737669248133898,0.0
116.0,16.60267624631524,0.0
118.0,16.468033585697412,0.0
120.0,16.334067184478045,0.0
122.0,16.199909452348948,0.0
124.0,16.065547678619623,0.0
126.0,15.931051138788462,0.0
128.0,15.796509224921465,0.0
130.0,15.661976460367441,0.0
132.0,15.527476001530886,0.0
134.0,15.393055099993944,0.0
136.0,15.258720804005861,0.0
138.0,15.124475631862879,0.0
140.0,14.990322206169367,0.0
142.0,14.856263194233179,0.0
144.0,14.722310964018106,0.0
146.0,14.588530231267214,0.0
148.0,14.454924289137125,0.0
150.0,14.321496475487947,0.0
152.0,14.188250247389078,0.0
154.0,14.055189091712236,0.0
156.0,13.922316614538431,0.0
158.0,13.789636451750994,0.0
160.0,13.657152388244867,0.0
162.0,13.524868238717318,0.0
164.0,13.3927879370749,0.0
166.0,13.260915476828814,0.0
168.0,13.129254925996065,0.0
170.0,12.997810442000628,0.0
172.0,12.866586286574602,0.0
174.0,12.735586781054735,0.0
176.0,12.60481633618474,0.0
178.0,12.474279496818781,0.0
180.0,12.343980822712183,0.0
182.0,12.213924992829561,0.0
184.0,12.084116775542498,0.0
186.0,11.954560998827219,0.0
188.0,11.825262639671564,0.0
190.0,11.69622666016221,0.0
192.0,11.56745820119977,0.0
194.0,11.438962433487177,0.0
196.0,11.310744661837816,0.0
198.0,11.182810235768557,0.0
200.0,11.055155504494905,0.0
202.0,10.927775133401155,0.0
204.0,10.800674814730883,0.0
206.0,10.673860345035791,0.0
208.0,10.547337625175714,0.0
210.0,10.421112675219774,0.0
212.0,10.29521145299077,0.0
214.0,10.169644255191088,0.0
216.0,10.044397849589586,0.0
218.0,9.91947865113616,0.0
220.0,9.794893179088831,0.0
222.0,9.670648019760847,0.0
224.0,9.546749871224165,0.0
226.0,9.42320553585887,0.0
228.0,9.300021912902594,0.0
230.0,9.177205082029104,0.0
232.0,9.054759059101343,0.0
234.0,8.932691011577845,0.0
236.0,8.81100818887353,0.0
238.0,8.68971797451377,0.0
240.0,8.56881807371974,0.0
242.0,8.44829098507762,0.0
244.0,8.328144680708647,0.0
246.0,8.208387341350317,0.0
248.0,8.089027378708124,0.0
250.0,7.9700734205543995,0.0
252.0,7.851534333080053,0.0
254.0,7.733419228345156,0.0
256.0,7.615737486630678,0.0
258.0,7.498478647321463,0.0
260.0,7.381665278226137,0.0
262.0,7.265328619629145,0.0
264.0,7.149479668587446,0.0
266.0,7.034129697829485,0.0
268.0,6.919290360063314,0.0
270.0,6.804973665624857,0.0
272.0,6.69119306281209,0.0
274.0,6.577968496829271,0.0
276.0,6.465312238782644,0.0
278.0,6.353254277259111,0.0
280.0,6.241842109709978,0.0
282.0,6.131085824221373,0.0
284.0,6.021000172942877,0.0
286.0,5.911600295454264,0.0
288.0,5.8029125444591045,0.0
290.0,5.694962907582521,0.0
292.0,5.5877674631774426,0.0
294.0,5.481342550367117,0.0
296.0,5.375704567879438,0.0
298.0,5.270869921892881,0.0
300.0,5.166854906827211,0.0
302.0,5.063675496727228,0.0
304.0,4.961340930312872,0.0
306.0,4.859862592071295,0.0
308.0,4.75925749912858,0.0
310.0,4.659544255584478,0.0
312.0,4.560734625905752,0.0
314.0,4.462838444858789,0.0
316.0,4.365788828581572,0.0
318.0,4.269585806876421,0.0
320.0,4.174231398850679,0.0
322.0,4.079724881798029,0.0
324.0,3.98606264218688,0.0
326.0,3.893238130956888,0.0
328.0,3.8012418560683727,0.0
330.0,3.710061501711607,0.0
332.0,3.619674887508154,0.0
334.0,3.529973853379488,0.0
336.0,3.441027019172907,0.0
338.0,3.3528238348662853,0.0
340.0,3.265341240912676,0.0
342.0,3.178555440157652,0.0
344.0,3.0924422703683376,0.0
346.0,3.006977517157793,0.0
348.0,2.922137212008238,0.0
350.0,2.83789786323905,0.0
352.0,2.7542329765856266,0.0
354.0,2.6711092479526997,0.0
356.0,2.588490728288889,0.0
358.0,2.506354656070471,0.0
360.0,2.424683805555105,0.0
362.0,2.3434618301689625,0.0
364.0,2.262673307210207,0.0
366.0,2.1823036558926105,0.0
368.0,2.1023391149938107,0.0
370.0,2.0227667279541492,0.0
372.0,1.943574283272028,0.0
374.0,1.8647502847015858,0.0
376.0,1.786283928900957,0.0
378.0,1.7081650383770466,0.0
380.0,1.6303840167820454,0.0
382.0,1.5529318489134312,0.0
384.0,1.4758079908788204,0.0
386.0,1.3990046344697475,0.0
388.0,1.3225101716816425,0.0
390.0,1.2459162585437298,0.0
392.0,1.1690648160874844,0.0
394.0,1.0918667204678059,0.0
396.0,1.0141369812190533,0.0
398.0,0.9357238300144672,0.0
400.0,0.8572413958609104,0.0
402.0,0.7785287834703922,0.0
404.0,0.699441347271204,0.0
406.0,0.6199812479317188,0.0
408.0,0.5402605049312115,0.0
410.0,0.4605843313038349,0.0
412.0,0.38098661974072456,0.0
414.0,0.30226201191544533,0.0
416.0,0.22507023438811302,0.0
418.0,0.15184113010764122,0.0
420.0,0.08543397858738899,0.0
422.0,0.02656394988298416,0.0
424.0,-0.023036345839500427,0.0
426.0,-0.06284841150045395,0.0
428.0,-0.09287404455244541,0.0
430.0,-0.11315891519188881,0.0
432.0,-0.12445511110126972,0.0
434.0,-0.12811569892801344,0.0
436.0,-0.1255922787822783,0.0
438.0,-0.11840166617184877,0.0
440.0,-0.10789953824132681,0.0
442.0,-0.09509073290973902,0.0
444.0,-0.08052040543407202,0.0
446.0,-0.06401320639997721,0.0
448.0,-0.04594651889055967,0.0
450.0,-0.0270353676751256,0.0
452.0,-0.007205038331449032,0.0
454.0,0.013224265538156033,0.0
456.0,0.03342242259532213,0.0
458.0,0.051972719840705395,0.0
460.0,0.0652782404795289,0.0
462.0,0.06910560163669288,0.0
464.0,0.060513348085805774,0.0
466.0,0.039496178505942225,0.0
468.0,0.007471489487215877,0.0
470.0,-0.033227139385417104,0.0
472.0,-0.07997311768122017,0.0
474.0,-0.12942254659719765,0.0
476.0,-0.17502907407470047,0.0
478.0,-0.21078627300448716,0.0
480.0,-0.23436867375858128,0.0
482.0,-0.24612035346217453,0.0
484.0,-0.24634903261903673,0.0
486.0,-0.23604854720178992,0.0
488.0,-0.21626839751843363,0.0
490.0,-0.1880245670909062,0.0
492.0,-0.15225617366377264,0.0
494.0,-0.1113569006556645,0.0
496.0,-0.0687417812878266,0.0
498.0,-0.029416406177915633,0.0
500.0,5.271693225950003e-05,0.0
502.0,0.01624319178517908,0.0
504.0,0.018877674010582268,0.0
506.0,0.010403523338027298,0.0
508.0,-0.007762487861327827,0.0
510.0,-0.03313469688873738,0.0
512.0,-0.06427961762528867,0.0
514.0,-0.09968571166973561,0.0
516.0,-0.13599991227965802,0.0
518.0,-0.1701609733281657,0.0
520.0,-0.1973250265000388,0.0
522.0,-0.21447234589140862,0.0
524.0,-0.22089506161864847,0.0
526.0,-0.2173614954808727,0.0
528.0,-0.20521065464708954,0.0
530.0,-0.18566976545844227,0.0
532.0,-0.15938647335860878,0.0
534.0,-0.12823702080640942,0.0
536.0,-0.09496440796647221,0.0
538.0,-0.06282370223198086,0.0
540.0,-0.036442889482714236,0.0
542.0,-0.019069836125709116,0.0
544.0,-0.010838641435839236,0.0
546.0,-0.01022536400705576,0.0
548.0,-0.016920554917305708,0.0
550.0,-0.030193728860467672,0.0
552.0,-0.04869855521246791,0.0
554.0,-0.07093715434893966,0.0
556.0,-0.09553758008405566,0.0
558.0,-0.12038908852264285,0.0
560.0,-0.1429273854009807,0.0
562.0,-0.16138443490490317,0.0
564.0,-0.1741437534801662,0.0
566.0,-0.18016687966883183,0.0
568.0,-0.17934168537613004,0.0
570.0,-0.172045047278516,0.0
572.0,-0.15879863209556788,0.0
574.0,-0.14024696394335479,0.0
576.0,-0.1179675169987604,0.0
578.0,-0.09390264272224158,0.0
580.0,-0.07067797041963786,0.0
582.0,-0.051601565326564014,0.0
584.0,-0.0392818161053583,0.0
586.0,-0.034315332188270986,0.0
588.0,-0.035568145802244544,0.0
590.0,-0.04241963871754706,0.0
592.0,-0.05416463525034487,0.0
594.0,-0.06968080648221076,0.0
596.0,-0.08773525827564299,0.0
598.0,-0.10687108733691275,0.0
600.0,-0.12531513744033873,0.0
602.0,-0.14131023571826518,0.0
604.0,-0.15373487793840468,0.0
606.0,-0.16153404000215232,0.0
608.0,-0.164171882905066,0.0
610.0,-0.16166296903975308,0.0
612.0,-0.15411410271190107,0.0
614.0,-0.14174833497963846,0.0
616.0,-0.12555818050168455,0.0
618.0,-0.10700780129991472,0.0
620.0,-0.0880654992070049,0.0
622.0,-0.07142565748654306,0.0
624.0,-0.059499038150534034,0.0
626.0,-0.05373304360546172,0.0
628.0,-0.053880682797171175,0.0
630.0,-0.0591801080154255,0.0
632.0,-0.06881340884137899,0.0
634.0,-0.08196426660288125,0.0
636.0,-0.0974427527980879,0.0
638.0,-0.11391572759021074,0.0
640.0,-0.12967548437882215,0.0
642.0,-0.1431499841855839,0.0
644.0,-0.15343348972965032,0.0
646.0,-0.1595633082324639,0.0
648.0,-0.16120706498622894,0.0
650.0,-0.15840545506216586,0.0
652.0,-0.1511863514315337,0.0
654.0,-0.1399804677348584,0.0
656.0,-0.12566884304396808,0.0
658.0,-0.10961453500203788,0.0
660.0,-0.0936093486379832,0.0
662.0,-0.08004043507389724,0.0
664.0,-0.07076462800614536,0.0
666.0,-0.06676404853351414,0.0
668.0,-0.06776414962951094,0.0
670.0,-0.07343663659412414,0.0
672.0,-0.08297850762028247,0.0
674.0,-0.09536405664402992,0.0
676.0,-0.10949394677300006,0.0
678.0,-0.12392194208223373,0.0
680.0,-0.13708324183244258,0.0
682.0,-0.14781054120976478,0.0
684.0,-0.1552995132515207,0.0
686.0,-0.1589490183396265,0.0
688.0,-0.15862831030972302,0.0
690.0,-0.15441381721757352,0.0
692.0,-0.14656335464678705,0.0
694.0,-0.13566386490128934,0.0
696.0,-0.12265473580919206,0.0
698.0,-0.1087954135145992,0.0
700.0,-0.09588119364343584,0.0
702.0,-0.0855947823729366,0.0
704.0,-0.0792116227094084,0.0
706.0,-0.07713360199704766,0.0
708.0,-0.07927347044460475,0.0
710.0,-0.08527589519508183,0.0
712.0,-0.09439301234669983,0.0
714.0,-0.10562820662744343,0.0
716.0,-0.11785477143712342,0.0
718.0,-0.129855825798586,0.0
720.0,-0.14021724951453507,0.0
722.0,-0.14815362100489438,0.0
724.0,-0.1530914397444576,0.0
726.0,-0.154651761171408,0.0
728.0,-0.15284260222688317,0.0
730.0,-0.14772571716457605,0.0
732.0,-0.13976487796753645,0.0
734.0,-0.1296364376321435,0.0
736.0,-0.1183237200602889,0.0
738.0,-0.10708801541477442,0.0
740.0,-0.09732805844396353,0.0
742.0,-0.0901500596664846,0.0
744.0,-0.0863002014812082,0.0
746.0,-0.08593148190993816,0.0
748.0,-0.08896637370344251,0.0
750.0,-0.09498158365022391,0.0
752.0,-0.10327205143403262,0.0
754.0,-0.11293566494714469,0.0
756.0,-0.12295144877862185,0.0
758.0,-0.13227949559222907,0.0
760.0,-0.13991653302218765,0.0
762.0,-0.1453256233362481,0.0
764.0,-0.14809915621299297,0.0
766.0,-0.14804659457149683,0.0
768.0,-0.14513182522932766,0.0
770.0,-0.13966950144822476,0.0
772.0,-0.13213184824417112,0.0
774.0,-0.12321547581086634,0.0
776.0,-0.11387475928495405,0.0
778.0,-0.10525433508882998,0.0
780.0,-0.0982992614081013,0.0
782.0,-0.09371825562993763,0.0
784.0,-0.0919023278329405,0.0
786.0,-0.09289774623903213,0.0
788.0,-0.09651792956719873,0.0
790.0,-0.10230426140333293,0.0
792.0,-0.10959290595928906,0.0
794.0,-0.11758776450733421,0.0
796.0,-0.12544100614468334,0.0
798.0,-0.1323439788466203,0.0
800.0,-0.13762036686966894,0.0
802.0,-0.1409408207910019,0.0
804.0,-0.14196193252428202,0.0
806.0,-0.14061116682569264,0.0
808.0,-0.13705100584047614,0.0
810.0,-0.13163850409182487,0.0
812.0,-0.12483880854415474,0.0
814.0,-0.11738614038767992,0.0
816.0,-0.11015880386548815,0.0
818.0,-0.10393476625176845,0.0
820.0,-0.09931192918884335,0.0
822.0,-0.09678759262169478,0.0
824.0,-0.0964773191299173,0.0
826.0,-0.09835319872217951,0.0
828.0,-0.10214907419140218,0.0
830.0,-0.10740608325431822,0.0
832.0,-0.1135293675979483,0.0
834.0,-0.11985294962505577,0.0
836.0,-0.1257113919054973,0.0
838.0,-0.13051270483265398,0.0
840.0,-0.13380042462813435,0.0
842.0,-0.13536215048952727,0.0
844.0,-0.13506187940220116,0.0
846.0,-0.132930631742056,0.0
848.0,-0.1291919660216081,0.0
850.0,-0.1242145297510433,0.0
852.0,-0.11854582861269591,0.0
854.0,-0.11279457876662491,0.0
856.0,-0.10757620562071679,0.0
858.0,-0.10335591225157259,0.0
860.0,-0.10061226411926327,0.0
862.0,-0.09954632294102339,0.0
864.0,-0.10020278090814827,0.0
866.0,-0.10245604719239054,0.0
868.0,-0.1060145844166982,0.0
870.0,-0.1104598266465473,0.0
872.0,-0.1152947603186476,0.0
874.0,-0.11999858239869354,0.0
876.0,-0.12408312339539407,0.0
878.0,-0.12714420025440631,0.0
880.0,-0.1289043835058692,0.0
882.0,-0.12924547329748748,0.0
884.0,-0.1281610919322702,0.0
886.0,-0.12575429199932842,0.0
888.0,-0.12230253323650686,0.0
890.0,-0.11817728692403762,0.0
892.0,-0.11379224631673424,0.0
894.0,-0.10956544114014832,0.0
896.0,-0.10592096938489703,0.0
898.0,-0.10323362529015867,0.0
900.0,-0.10176503238471923,0.0
902.0,-0.10159485215990571,0.0
904.0,-0.10269488044286845,0.0
906.0,-0.10490237408521352,0.0
908.0,-0.10794306615571259,0.0
910.0,-0.11146457399445353,0.0
912.0,-0.11507649090344785,0.0
914.0,-0.11839310032519279,0.0
916.0,-0.12107419757376192,0.0
918.0,-0.12285876657551853,0.0
920.0,-0.12358967074396787,0.0
922.0,-0.1232324064403656,0.0
924.0,-0.12184105370397447,0.0
926.0,-0.11956775699945865,0.0
928.0,-0.11664547374675749,0.0
930.0,-0.1133650485353428,0.0
932.0,-0.11004730336571811,0.0
934.0,-0.10701260575297056,0.0
936.0,-0.10455784270743607,0.0
938.0,-0.10293937764799921,0.0
940.0,-0.10228079323860584,0.0
942.0,-0.10259803372173337,0.0
944.0,-0.10381784871424315,0.0
946.0,-0.10577409015240846,0.0
948.0,-0.10822860034386395,0.0
950.0,-0.11089918482321082,0.0
952.0,-0.1134912625348079,0.0
954.0,-0.11572941904159961,0.0
956.0,-0.11738536867051153,0.0
958.0,-0.11828920826519607,0.0
960.0,-0.11837796923646238,0.0
962.0,-0.11766082326357719,0.0
964.0,-0.11621748037578072,0.0
966.0,-0.11419616975763347,0.0
968.0,-0.11179775172786321,0.0
970.0,-0.1092556194489589,0.0
972.0,-0.10681314986140933,0.0
974.0,-0.10469957497844007,0.0
976.0,-0.10313690359180328,0.0
978.0,-0.10225714497209992,0.0
980.0,-0.10210955118236598,0.0
982.0,-0.10266867103928234,0.0
984.0,-0.10384238928963896,0.0
986.0,-0.10547687007056084,0.0
988.0,-0.10737519453687128,0.0
990.0,-0.10931988024094608,0.0
992.0,-0.11109664103423711,0.0
994.0,-0.11251657117099967,0.0
996.0,-0.11342669533041772,0.0
998.0,-0.11373350500070956,0.0
1000.0,-0.11343178105016705,0.0
1002.0,-0.1125551553996047,0.0
1004.0,-0.11119201801193412,0.0
1006.0,-0.10947629679867532,0.0
1008.0,-0.1075734132755315,0.0
1010.0,-0.10566352620662656,0.0
1012.0,-0.10392343786952551,0.0
1014.0,-0.10252800221496727,0.0
1016.0,-0.10159874938835856,0.0
1018.0,-0.10120333811210003,0.0
1020.0,-0.1013487756572431,0.0
1022.0,-0.10198401809611823,0.0
1024.0,-0.10301478950714227,0.0
1026.0,-0.10430845092923846,0.0
1028.0,-0.10570955717412289,0.0
1030.0,-0.10705710864567664,0.0
1032.0,-0.10820014913042542,0.0
1034.0,-0.10900809230224695,0.0
1036.0,-0.10939549117756542,0.0
1038.0,-0.10932387095090235,0.0
1040.0,-0.1088132103686803,0.0
1042.0,-0.107911547042022,0.0
1044.0,-0.1067046855823719,0.0
1046.0,-0.10530641125660622,0.0
1048.0,-0.10384652807988459,0.0
1050.0,-0.10245754462812329,0.0
1052.0,-0.10127503166586393,0.0
1054.0,-0.10040072687115753,0.0
1056.0,-0.09990032201312715,0.0
1058.0,-0.09979908572859131,0.0
1060.0,-0.10007994502666406,0.0
1062.0,-0.10068629783927463,0.0
1064.0,-0.1015295195102226,0.0
1066.0,-0.1024993265455123,0.0
1068.0,-0.10347621163236909,0.0
1070.0,-0.10434431451722048,0.0
1072.0,-0.10500328705529682,0.0
1074.0,-0.10537793798721395,0.0
1076.0,-0.10542492355307331,0.0
1078.0,-0.1051365212406381,0.0
1080.0,-0.10454552104783943,0.0
1082.0,-0.1037041999734356,0.0
1084.0,-0.10268850923603168,0.0
1086.0,-0.1015896290409728,0.0
1088.0,-0.10050526257691672,0.0
1090.0,-0.0995377435683622,0.0
1092.0,-0.09876746377995005,0.0
1094.0,-0.09825228814588627,0.0
1096.0,-0.09802227603358915,0.0
1098.0,-0.09807698040094692,0.0
1100.0,-0.09838638659857679,0.0
1102.0,-0.09889498034317512,0.0
1104.0,-0.09952848679677118,0.0
1106.0,-0.10020238284778316,0.0
1108.0,-0.10083100917108823,0.0
1110.0,-0.10133651837531943,0.0
1112.0,-0.1016565789032029,0.0
1114.0,-0.10175010079547064,0.0
1116.0,-0.1016005624042009,0.0
1118.0,-0.10121676285780268,0.0
1120.0,-0.10063348519179272,0.0
1122.0,-0.09990081965952413,0.0
1124.0,-0.09908100841130363,0.0
1126.0,-0.09824662382743554,0.0
1128.0,-0.09746988438564586,0.0
1130.0,-0.09681352397456067,0.0
1132.0,-0.09632601979683386,0.0
1134.0,-0.09603704378969269,0.0
1136.0,-0.09595486236503348,0.0
1138.0,-0.0960661091885413,0.0
1140.0,-0.09633786387712462,0.0
1142.0,-0.09672172745194985,0.0
1144.0,-0.09715948480152292,0.0
1146.0,-0.0975894823714043,0.0
1148.0,-0.09795310271874769,0.0
1150.0,-0.09820074360322906,0.0
1152.0,-0.09829641871328931,0.0
1154.0,-0.09822095398703823,0.0
1156.0,-0.09797331007575849,0.0
1158.0,-0.09756997138174484,0.0
1160.0,-0.09704276306001702,0.0
1162.0,-0.09643495063210139,0.0
1164.0,-0.09579656847199658,0.0
1166.0,-0.09517912616865942,0.0
1168.0,-0.09463027391029755,0.0
1170.0,-0.09418911234388361,0.0
1172.0,-0.09388246355956653,0.0
1174.0,-0.09372244965197751,0.0
1176.0,-0.09370571412728168,0.0
1178.0,-0.09381426384061342,0.0
1180.0,-0.09401789787079906,0.0
1182.0,-0.09427764967404073,0.0
1184.0,-0.0945502537288121,0.0
1186.0,-0.09479265312984353,0.0
1188.0,-0.09496650718938326,0.0
1190.0,-0.0950418720167363,0.0
1192.0,-0.09499992000201019,0.0
1194.0,-0.09483451559935929,0.0
1196.0,-0.09455226374120684,0.0
1198.0,-0.0941714332511765,0.0
1200.0,-0.09371969931089552,0.0
