run_id,timestamp,kp,ki,kd,temp,temp_ref,temp_raw,temp_u,temp_u_p,temp_u_i,temp_u_d,sq_error,mae,start_temp
run_1777443018_89808c98,1777443499.9179626,7.0,966.0,1.0,25.81697654724121,0.0,22.544097900390625,-100.0,-100.0,0.0,0.010734476149082184,666.5162780408027,25.81697654724121,25.81697654724121
run_1777443018_89808c98,1777443502.3227973,7.0,966.0,1.0,25.81697654724121,0.0,22.544097900390625,-100.0,-100.0,0.0,0.009710519574582577,666.5162780408027,25.81697654724121,25.81697654724121
run_1777443018_89808c98,1777443504.327267,7.0,966.0,1.0,25.81697654724121,0.0,22.544097900390625,-100.0,-100.0,0.0,0.008784238249063492,666.5162780408027,25.81697654724121,25.81697654724121
run_1777443018_89808c98,1777443506.342586,7.0,966.0,1.0,25.81697654724121,0.0,22.544097900390625,-100.0,-100.0,0.0,0.007946315221488476,666.5162780408027,25.81697654724121,25.81697654724121
run_1777443018_89808c98,1777443508.3199098,7.0,966.0,1.0,25.77248764038086,0.0,22.494049072265625,-100.0,-100.0,0.0,0.03982341289520264,664.2211191735842,25.77248764038086,25.81697654724121
run_1777443018_89808c98,1777443510.3152244,7.0,966.0,1.0,25.77248764038086,0.0,22.494049072265625,-100.0,-100.0,0.0,0.036024682223796844,664.2211191735842,25.77248764038086,25.81697654724121
run_1777443018_89808c98,1777443512.403472,7.0,966.0,1.0,25.77248764038086,0.0,22.494049072265625,-100.0,-100.0,0.0,0.032588306814432144,664.2211191735842,25.77248764038086,25.81697654724121
run_1777443018_89808c98,1777443514.3230395,7.0,966.0,1.0,25.77248764038086,0.0,22.494049072265625,-100.0,-100.0,0.0,0.029479723423719406,664.2211191735842,25.77248764038086,25.81697654724121
run_1777443018_89808c98,1777443516.3197296,7.0,966.0,1.0,25.728031158447266,0.0,22.444034576416016,-100.0,-100.0,0.0,0.05810552462935448,661.9315872900333,25.728031158447266,25.81697654724121
run_1777443018_89808c98,1777443518.3180618,7.0,966.0,1.0,25.728031158447266,0.0,22.444034576416016,-100.0,-100.0,0.0,0.052562862634658813,661.9315872900333,25.728031158447266,25.81697654724121
run_1777443018_89808c98,1777443520.346503,7.0,966.0,1.0,25.77248764038086,0.0,22.494049072265625,-100.0,-100.0,0.0,0.016111072152853012,664.2211191735842,25.77248764038086,25.81697654724121
run_1777443018_89808c98,1777443522.3189542,7.0,966.0,1.0,25.683574676513672,0.0,22.39402198791504,-100.0,-100.0,0.0,0.07497848570346832,659.6460081640544,25.683574676513672,25.81697654724121
run_1777443018_89808c98,1777443524.3276277,7.0,966.0,1.0,25.728031158447266,0.0,22.444034576416016,-100.0,-100.0,0.0,0.036388497799634933,661.9315872900333,25.728031158447266,25.81697654724121
run_1777443018_89808c98,1777443526.3290298,7.0,966.0,1.0,25.683574676513672,0.0,22.39402198791504,-100.0,-100.0,0.0,0.06311953812837601,659.6460081640544,25.683574676513672,25.81697654724121
run_1777443018_89808c98,1777443528.3153102,7.0,966.0,1.0,25.63908576965332,0.0,22.343971252441406,-100.0,-100.0,0.0,0.08855937421321869,657.3627191036394,25.63908576965332,25.81697654724121
run_1777443018_89808c98,1777443530.3444328,7.0,966.0,1.0,25.683574676513672,0.0,22.39402198791504,-100.0,-100.0,0.0,0.049887608736753464,659.6460081640544,25.683574676513672,25.81697654724121
run_1777443018_89808c98,1777443532.317097,7.0,966.0,1.0,25.683574676513672,0.0,22.39402198791504,-100.0,-100.0,0.0,0.04270419850945473,659.6460081640544,25.683574676513672,25.81697654724121
run_1777443018_89808c98,1777443534.3268151,7.0,966.0,1.0,25.59463119506836,0.0,22.293960571289062,-100.0,-100.0,0.0,0.09905564039945602,655.0851460115664,25.59463119506836,25.81697654724121
run_1777443018_89808c98,1777443536.455559,7.0,966.0,1.0,25.59463119506836,0.0,22.293960571289062,-100.0,-100.0,0.0,0.08960679173469543,655.0851460115664,25.59463119506836,25.81697654724121
run_1777443018_89808c98,1777443538.325146,7.0,966.0,1.0,25.59463119506836,0.0,22.293960571289062,-100.0,-100.0,0.0,0.08105923235416412,655.0851460115664,25.59463119506836,25.81697654724121
run_1777443018_89808c98,1777443540.3199236,7.0,966.0,1.0,25.63908576965332,0.0,22.343971252441406,-100.0,-100.0,0.0,0.041890546679496765,657.3627191036394,25.63908576965332,25.81697654724121
run_1777443018_89808c98,1777443542.3211334,7.0,966.0,1.0,25.55017852783203,0.0,22.24394989013672,-100.0,-100.0,0.0,0.09829498827457428,652.811622804089,25.55017852783203,25.81697654724121
run_1777443018_89808c98,1777443544.3159707,7.0,966.0,1.0,25.55017852783203,0.0,22.24394989013672,-100.0,-100.0,0.0,0.08891869336366653,652.811622804089,25.55017852783203,25.81697654724121
run_1777443018_89808c98,1777443546.3252025,7.0,966.0,1.0,25.55017852783203,0.0,22.24394989013672,-100.0,-100.0,0.0,0.08043680340051651,652.811622804089,25.55017852783203,25.81697654724121
run_1777443018_89808c98,1777443548.4241672,7.0,966.0,1.0,25.55017852783203,0.0,22.24394989013672,-100.0,-100.0,0.0,0.07092637568712234,652.811622804089,25.55017852783203,25.81697654724121
run_1777443018_89808c98,1777443550.3273714,7.0,966.0,1.0,25.505664825439453,0.0,22.193872451782227,-100.0,-100.0,0.0,0.0944017544388771,650.5389381876594,25.505664825439453,25.81697654724121
run_1777443018_89808c98,1777443552.3268366,7.0,966.0,1.0,25.505664825439453,0.0,22.193872451782227,-100.0,-100.0,0.0,0.08539683371782303,650.5389381876594,25.505664825439453,25.81697654724121
run_1777443018_89808c98,1777443554.3658261,7.0,966.0,1.0,25.505664825439453,0.0,22.193872451782227,-100.0,-100.0,0.0,0.0772508904337883,650.5389381876594,25.505664825439453,25.81697654724121
run_1777443018_89808c98,1777443556.323915,7.0,966.0,1.0,25.505664825439453,0.0,22.193872451782227,-100.0,-100.0,0.0,0.06988196074962616,650.5389381876594,25.505664825439453,25.81697654724121
run_1777443018_89808c98,1777443558.3287098,7.0,966.0,1.0,25.461238861083984,0.0,22.143892288208008,-100.0,-100.0,0.0,0.093397356569767,648.2746843411733,25.461238861083984,25.81697654724121
run_1777443018_89808c98,1777443560.3398163,7.0,966.0,1.0,25.461238861083984,0.0,22.143892288208008,-100.0,-100.0,0.0,0.08448823541402817,648.2746843411733,25.461238861083984,25.81697654724121
run_1777443018_89808c98,1777443562.4267142,7.0,966.0,1.0,25.461238861083984,0.0,22.143892288208008,-100.0,-100.0,0.0,0.07642895728349686,648.2746843411733,25.461238861083984,25.81697654724121
run_1777443018_89808c98,1777443564.458272,7.0,966.0,1.0,25.416786193847656,0.0,22.093883514404297,-100.0,-100.0,0.0,0.1005735844373703,646.0130204237648,25.416786193847656,25.81697654724121
run_1777443018_89808c98,1777443566.7860346,7.0,966.0,1.0,25.416786193847656,0.0,22.093883514404297,-100.0,-100.0,0.0,0.0909799113869667,646.0130204237648,25.416786193847656,25.81697654724121
run_1777443018_89808c98,1777443568.3718412,7.0,966.0,1.0,25.416786193847656,0.0,22.093883514404297,-100.0,-100.0,0.0,0.08230138570070267,646.0130204237648,25.416786193847656,25.81697654724121
run_1777443018_89808c98,1777443570.3387802,7.0,966.0,1.0,25.416786193847656,0.0,22.093883514404297,-100.0,-100.0,0.0,0.07445072382688522,646.0130204237648,25.416786193847656,25.81697654724121
run_1777443018_89808c98,1777443572.3150868,7.0,966.0,1.0,25.416786193847656,0.0,22.093883514404297,-100.0,-100.0,0.0,0.067348912358284,646.0130204237648,25.416786193847656,25.81697654724121
run_1777443018_89808c98,1777443574.44389,7.0,966.0,1.0,25.372303009033203,0.0,22.043842315673828,-100.0,-100.0,0.0,0.09175685793161392,643.7537599821953,25.372303009033203,25.81697654724121
run_1777443018_89808c98,1777443576.7684374,7.0,966.0,1.0,25.372303009033203,0.0,22.043842315673828,-100.0,-100.0,0.0,0.08300422132015228,643.7537599821953,25.372303009033203,25.81697654724121
run_1777443018_89808c98,1777443578.4167633,7.0,966.0,1.0,25.372303009033203,0.0,22.043842315673828,-100.0,-100.0,0.0,0.07508650422096252,643.7537599821953,25.372303009033203,25.81697654724121
run_1777443018_89808c98,1777443580.3437006,7.0,966.0,1.0,25.32785415649414,0.0,21.99383544921875,-100.0,-100.0,0.0,0.0993565171957016,641.5001961726375,25.32785415649414,25.81697654724121
run_1777443018_89808c98,1777443582.3174276,7.0,966.0,1.0,25.416786193847656,0.0,22.093883514404297,-100.0,-100.0,0.0,0.02823812887072563,646.0130204237648,25.416786193847656,25.81697654724121
run_1777443018_89808c98,1777443584.325493,7.0,966.0,1.0,25.32785415649414,0.0,21.99383544921875,-100.0,-100.0,0.0,0.08476241677999496,641.5001961726375,25.32785415649414,25.81697654724121
run_1777443018_89808c98,1777443586.3335228,7.0,966.0,1.0,25.32785415649414,0.0,21.99383544921875,-100.0,-100.0,0.0,0.07667697966098785,641.5001961726375,25.32785415649414,25.81697654724121
run_1777443018_89808c98,1777443588.3303926,7.0,966.0,1.0,25.32785415649414,0.0,21.99383544921875,-100.0,-100.0,0.0,0.0693628266453743,641.5001961726375,25.32785415649414,25.81697654724121
run_1777443018_89808c98,1777443590.324305,7.0,966.0,1.0,25.283370971679688,0.0,21.94379234313965,-100.0,-100.0,0.0,0.09357865899801254,639.2488476915751,25.283370971679688,25.81697654724121
run_1777443018_89808c98,1777443592.3366337,7.0,966.0,1.0,25.283370971679688,0.0,21.94379234313965,-100.0,-100.0,0.0,0.08465223759412766,639.2488476915751,25.283370971679688,25.81697654724121
run_1777443018_89808c98,1777443594.3200028,7.0,966.0,1.0,25.283370971679688,0.0,21.94379234313965,-100.0,-100.0,0.0,0.0765773206949234,639.2488476915751,25.283370971679688,25.81697654724121
run_1777443018_89808c98,1777443596.3178368,7.0,966.0,1.0,25.283370971679688,0.0,21.94379234313965,-100.0,-100.0,0.0,0.06927266716957092,639.2488476915751,25.283370971679688,25.81697654724121
run_1777443018_89808c98,1777443598.3168528,7.0,966.0,1.0,25.283370971679688,0.0,21.94379234313965,-100.0,-100.0,0.0,0.06266477704048157,639.2488476915751,25.283370971679688,25.81697654724121
run_1777443018_89808c98,1777443600.3149862,7.0,966.0,1.0,25.238922119140625,0.0,21.893787384033203,-100.0,-100.0,0.0,0.08628475666046143,637.0031897360459,25.238922119140625,25.81697654724121
run_1777443018_89808c98,1777443602.3471057,7.0,966.0,1.0,25.238922119140625,0.0,21.893787384033203,-100.0,-100.0,0.0,0.07805409282445908,637.0031897360459,25.238922119140625,25.81697654724121
run_1777443018_89808c98,1777443604.324367,7.0,966.0,1.0,25.238922119140625,0.0,21.893787384033203,-100.0,-100.0,0.0,0.07060855627059937,637.0031897360459,25.238922119140625,25.81697654724121
run_1777443018_89808c98,1777443606.3328362,7.0,966.0,1.0,25.238922119140625,0.0,21.893787384033203,-100.0,-100.0,0.0,0.06387324631214142,637.0031897360459,25.238922119140625,25.81697654724121
run_1777443018_89808c98,1777443608.326915,7.0,966.0,1.0,25.194469451904297,0.0,21.843778610229492,-100.0,-100.0,0.0,0.08738047629594803,634.7612909629388,25.194469451904297,25.81697654724121
run_1777443018_89808c98,1777443610.3261807,7.0,966.0,1.0,25.194469451904297,0.0,21.843778610229492,-100.0,-100.0,0.0,0.0808439552783966,634.7612909629388,25.194469451904297,25.81697654724121
run_1777443018_89808c98,1777443612.3210146,7.0,966.0,1.0,25.194469451904297,0.0,21.843778610229492,-100.0,-100.0,0.0,0.07313230633735657,634.7612909629388,25.194469451904297,25.81697654724121
run_1777443018_89808c98,1777443614.324498,7.0,966.0,1.0,25.194469451904297,0.0,21.843778610229492,-100.0,-100.0,0.0,0.06615626066923141,634.7612909629388,25.194469451904297,25.81697654724121
run_1777443018_89808c98,1777443616.3338447,7.0,966.0,1.0,25.150020599365234,0.0,21.793773651123047,-100.0,-100.0,0.0,0.08944316953420639,632.5235361484956,25.150020599365234,25.81697654724121
run_1777443018_89808c98,1777443618.3489223,7.0,966.0,1.0,25.150020599365234,0.0,21.793773651123047,-100.0,-100.0,0.0,0.08091123402118683,632.5235361484956,25.150020599365234,25.81697654724121
run_1777443018_89808c98,1777443620.3165302,7.0,966.0,1.0,25.150020599365234,0.0,21.793773651123047,-100.0,-100.0,0.0,0.07319317013025284,632.5235361484956,25.150020599365234,25.81697654724121
run_1777443018_89808c98,1777443622.3362892,7.0,966.0,1.0,25.150020599365234,0.0,21.793773651123047,-100.0,-100.0,0.0,0.06621131300926208,632.5235361484956,25.150020599365234,25.81697654724121
run_1777443018_89808c98,1777443624.3530598,7.0,966.0,1.0,25.105575561523438,0.0,21.743772506713867,-100.0,-100.0,0.0,0.09008979797363281,630.2899242753629,25.105575561523438,25.81697654724121
run_1777443018_89808c98,1777443626.3194644,7.0,966.0,1.0,25.105575561523438,0.0,21.743772506713867,-100.0,-100.0,0.0,0.08149618655443192,630.2899242753629,25.105575561523438,25.81697654724121
run_1777443018_89808c98,1777443628.3257582,7.0,966.0,1.0,25.150020599365234,0.0,21.793773651123047,-100.0,-100.0,0.0,0.04352797195315361,632.5235361484956,25.150020599365234,25.81697654724121
run_1777443018_89808c98,1777443630.3121781,7.0,966.0,1.0,25.061067581176758,0.0,21.693700790405273,-100.0,-100.0,0.0,0.0974319651722908,628.0571083083087,25.061067581176758,25.81697654724121
run_1777443018_89808c98,1777443632.4296598,7.0,966.0,1.0,25.061067581176758,0.0,21.693700790405273,-100.0,-100.0,0.0,0.08813799172639847,628.0571083083087,25.061067581176758,25.81697654724121
run_1777443018_89808c98,1777443634.4223437,7.0,966.0,1.0,25.061067581176758,0.0,21.693700790405273,-100.0,-100.0,0.0,0.07793101668357849,628.0571083083087,25.061067581176758,25.81697654724121
run_1777443018_89808c98,1777443636.3133466,7.0,966.0,1.0,25.01659393310547,0.0,21.643667221069336,-100.0,-100.0,0.0,0.10071101039648056,625.8299720138893,25.01659393310547,25.81697654724121
run_1777443018_89808c98,1777443638.3208935,7.0,966.0,1.0,24.972171783447266,0.0,21.59369468688965,-100.0,-100.0,0.0,0.12009681761264801,623.6093635819998,24.972171783447266,25.81697654724121
run_1777443018_89808c98,1777443640.318591,7.0,966.0,1.0,24.927698135375977,0.0,21.54366111755371,-100.0,-100.0,0.0,0.13885462284088135,621.3901343284269,24.927698135375977,25.81697654724121
run_1777443018_89808c98,1777443642.3223739,7.0,966.0,1.0,24.883251190185547,0.0,21.4936580657959,-100.0,-100.0,0.0,0.15641650557518005,619.1761897938704,24.883251190185547,25.81697654724121
run_1777443018_89808c98,1777443644.3794665,7.0,966.0,1.0,24.883251190185547,0.0,21.4936580657959,-100.0,-100.0,0.0,0.14149604737758636,619.1761897938704,24.883251190185547,25.81697654724121
run_1777443018_89808c98,1777443646.3148165,7.0,966.0,1.0,24.794336318969727,0.0,21.39362907409668,-100.0,-100.0,0.0,0.18782953917980194,614.7591134981813,24.794336318969727,25.81697654724121
run_1777443018_89808c98,1777443648.318609,7.0,966.0,1.0,24.749921798706055,0.0,21.34366226196289,-100.0,-100.0,0.0,0.20008617639541626,612.5586290420651,24.749921798706055,25.81697654724121
run_1777443018_89808c98,1777443650.3150673,7.0,966.0,1.0,24.661008834838867,0.0,21.243635177612305,-100.0,-100.0,0.0,0.2414519488811493,608.1653567520007,24.661008834838867,25.81697654724121
run_1777443018_89808c98,1777443652.317809,7.0,966.0,1.0,24.661008834838867,0.0,21.243635177612305,-100.0,-100.0,0.0,0.21841998398303986,608.1653567520007,24.661008834838867,25.81697654724121
run_1777443018_89808c98,1777443654.3260791,7.0,966.0,1.0,24.57208251953125,0.0,21.143592834472656,-100.0,-100.0,0.0,0.25804662704467773,603.7872393466532,24.57208251953125,25.81697654724121
run_1777443018_89808c98,1777443656.3163466,7.0,966.0,1.0,24.527645111083984,0.0,21.093599319458008,-100.0,-100.0,0.0,0.26362085342407227,601.6053746952821,24.527645111083984,25.81697654724121
run_1777443018_89808c98,1777443658.3146925,7.0,966.0,1.0,24.438722610473633,0.0,20.993562698364258,-100.0,-100.0,0.0,0.29893308877944946,597.2511628316752,24.438722610473633,25.81697654724121
run_1777443018_89808c98,1777443660.3229744,7.0,966.0,1.0,24.394285202026367,0.0,20.943571090698242,-100.0,-100.0,0.0,0.30060723423957825,595.0811505178026,24.394285202026367,25.81697654724121
run_1777443018_89808c98,1777443662.328903,7.0,966.0,1.0,24.260963439941406,0.0,20.793582916259766,-100.0,-100.0,0.0,0.3637896478176117,588.5943470341736,24.260963439941406,25.81697654724121
run_1777443018_89808c98,1777443664.3541656,7.0,966.0,1.0,24.216514587402344,0.0,20.74357795715332,-100.0,-100.0,0.0,0.3592848777770996,586.4395787618705,24.216514587402344,25.81697654724121
run_1777443018_89808c98,1777443666.314493,7.0,966.0,1.0,24.127613067626953,0.0,20.643566131591797,-100.0,-100.0,0.0,0.38545700907707214,582.1417123411229,24.127613067626953,25.81697654724121
run_1777443018_89808c98,1777443668.3238115,7.0,966.0,1.0,24.038734436035156,0.0,20.543577194213867,-100.0,-100.0,0.0,0.4090694189071655,577.8607532862225,24.038734436035156,25.81697654724121
run_1777443018_89808c98,1777443670.3190238,7.0,966.0,1.0,23.949857711791992,0.0,20.44359016418457,-100.0,-100.0,0.0,0.43047618865966797,573.5956844150824,23.949857711791992,25.81697654724121
run_1777443018_89808c98,1777443672.4066405,7.0,966.0,1.0,23.86095428466797,0.0,20.34357261657715,-100.0,-100.0,0.0,0.44981107115745544,569.3451393750147,23.86095428466797,25.81697654724121
run_1777443018_89808c98,1777443674.3204272,7.0,966.0,1.0,23.72765350341797,0.0,20.19361114501953,-100.0,-100.0,0.0,0.49874740839004517,563.001540778263,23.72765350341797,25.81697654724121
run_1777443018_89808c98,1777443676.318179,7.0,966.0,1.0,23.683202743530273,0.0,20.14360237121582,-100.0,-100.0,0.0,0.48137035965919495,560.8940921911599,23.683202743530273,25.81697654724121
run_1777443018_89808c98,1777443678.3267155,7.0,966.0,1.0,23.549909591674805,0.0,19.993648529052734,-100.0,-100.0,0.0,0.5278789401054382,554.598241776057,23.549909591674805,25.81697654724121
run_1777443018_89808c98,1777443680.3155897,7.0,966.0,1.0,23.505470275878906,0.0,19.943653106689453,-100.0,-100.0,0.0,0.5077152252197266,552.5071328902268,23.505470275878906,25.81697654724121
run_1777443018_89808c98,1777443682.3254433,7.0,966.0,1.0,23.327735900878906,0.0,19.743703842163086,-100.0,-100.0,0.0,0.5813028216362,544.1832622611546,23.327735900878906,25.81697654724121
run_1777443018_89808c98,1777443684.3793752,7.0,966.0,1.0,23.283300399780273,0.0,19.69371223449707,-100.0,-100.0,0.0,0.5560407042503357,542.1120775064082,23.283300399780273,25.81697654724121
run_1777443018_89808c98,1777443686.330406,7.0,966.0,1.0,23.10558319091797,0.0,19.4937801361084,-100.0,-100.0,0.0,0.6250067353248596,533.867974592431,23.10558319091797,25.81697654724121
run_1777443018_89808c98,1777443688.3186343,7.0,966.0,1.0,23.01673126220703,0.0,19.393823623657227,-100.0,-100.0,0.0,0.6257503628730774,529.7699179966585,23.01673126220703,25.81697654724121
run_1777443018_89808c98,1777443690.3218796,7.0,966.0,1.0,22.83904266357422,0.0,19.19392204284668,-100.0,-100.0,0.0,0.6898812055587769,521.6218697885633,22.83904266357422,25.81697654724121
run_1777443018_89808c98,1777443692.3529296,7.0,966.0,1.0,22.794599533081055,0.0,19.143924713134766,-100.0,-100.0,0.0,0.654266893863678,519.593767873539,22.794599533081055,25.81697654724121
run_1777443018_89808c98,1777443694.3175313,7.0,966.0,1.0,22.61692237854004,0.0,18.94403839111328,-100.0,-100.0,0.0,0.7120010256767273,511.5251778769052,22.61692237854004,25.81697654724121
run_1777443018_89808c98,1777443696.3164098,7.0,966.0,1.0,22.48368263244629,0.0,18.794143676757812,-100.0,-100.0,0.0,0.7346017956733704,505.5159847165669,22.48368263244629,25.81697654724121
run_1777443018_89808c98,1777443698.3186321,7.0,966.0,1.0,22.305980682373047,0.0,18.594228744506836,-100.0,-100.0,0.0,0.7883578538894653,497.55677420239954,22.305980682373047,25.81697654724121
run_1777443018_89808c98,1777443700.3333297,7.0,966.0,1.0,22.172725677490234,0.0,18.44431495666504,-100.0,-100.0,0.0,0.8036854863166809,491.6297639692348,22.172725677490234,25.81697654724121
run_1777443018_89808c98,1777443702.3106523,7.0,966.0,1.0,22.083904266357422,0.0,18.344392776489258,-100.0,-100.0,0.0,0.7880008816719055,487.69882764563954,22.083904266357422,25.81697654724121
run_1777443018_89808c98,1777443704.3152125,7.0,966.0,1.0,21.950687408447266,0.0,18.194522857666016,-100.0,-100.0,0.0,0.8051695227622986,481.83267770336533,21.950687408447266,25.81697654724121
run_1777443018_89808c98,1777443706.3355517,7.0,966.0,1.0,21.77306365966797,0.0,17.99469566345215,-100.0,-100.0,0.0,0.8521411418914795,474.0663011279539,21.77306365966797,25.81697654724121
run_1777443018_89808c98,1777443708.3204103,7.0,966.0,1.0,21.684242248535156,0.0,17.894771575927734,-100.0,-100.0,0.0,0.8324199318885803,470.206361893157,21.684242248535156,25.81697654724121
run_1777443018_89808c98,1777443710.3181832,7.0,966.0,1.0,21.46221160888672,0.0,17.644987106323242,-100.0,-100.0,0.0,0.9045276045799255,460.62652714463184,21.46221160888672,25.81697654724121
run_1777443018_89808c98,1777443712.3254454,7.0,966.0,1.0,21.373382568359375,0.0,17.545055389404297,-100.0,-100.0,0.0,0.8798146843910217,456.8214824134484,21.373382568359375,25.81697654724121
run_1777443018_89808c98,1777443714.3447251,7.0,966.0,1.0,21.240196228027344,0.0,17.395221710205078,-100.0,-100.0,0.0,0.8882414698600769,451.145935805107,21.240196228027344,25.81697654724121
run_1777443018_89808c98,1777443716.3634286,7.0,966.0,1.0,21.107013702392578,0.0,17.245391845703125,-100.0,-100.0,0.0,0.8958244919776917,445.50602743298805,21.107013702392578,25.81697654724121
run_1777443018_89808c98,1777443718.313972,7.0,966.0,1.0,20.885013580322266,0.0,16.995641708374023,-100.0,-100.0,0.0,0.9618625044822693,436.18379225024546,20.885013580322266,25.81697654724121
run_1777443018_89808c98,1777443720.3361506,7.0,966.0,1.0,20.751853942871094,0.0,16.845834732055664,-100.0,-100.0,0.0,0.9624070525169373,430.63944206625456,20.751853942871094,25.81697654724121
run_1777443018_89808c98,1777443722.3271928,7.0,966.0,1.0,20.618696212768555,0.0,16.696033477783203,-100.0,-100.0,0.0,0.961101770401001,425.13063351443634,20.618696212768555,25.81697654724121
run_1777443018_89808c98,1777443724.3189297,7.0,966.0,1.0,20.48548698425293,0.0,16.546173095703125,-100.0,-100.0,0.0,0.9617533683776855,419.6551769819962,20.48548698425293,25.81697654724121
run_1777443018_89808c98,1777443726.3195918,7.0,966.0,1.0,20.307950973510742,0.0,16.346445083618164,-100.0,-100.0,0.0,0.9900621175765991,412.4128727425159,20.307950973510742,25.81697654724121
run_1777443018_89808c98,1777443728.3511987,7.0,966.0,1.0,20.17481231689453,0.0,16.196664810180664,-100.0,-100.0,0.0,0.9879021048545837,407.0230520219193,20.17481231689453,25.81697654724121
run_1777443018_89808c98,1777443730.3184164,7.0,966.0,1.0,20.04165267944336,0.0,16.046859741210938,-100.0,-100.0,0.0,0.9823347330093384,401.6678421234392,20.04165267944336,25.81697654724121
run_1777443018_89808c98,1777443732.3096387,7.0,966.0,1.0,19.864131927490234,0.0,15.847146987915039,-100.0,-100.0,0.0,1.0098774433135986,394.5837372327369,19.864131927490234,25.81697654724121
run_1777443018_89808c98,1777443734.316062,7.0,966.0,1.0,19.775381088256836,0.0,15.74730396270752,-100.0,-100.0,0.0,0.9726431369781494,391.0656971857861,19.775381088256836,25.81697654724121
run_1777443018_89808c98,1777443736.316202,7.0,966.0,1.0,19.597858428955078,0.0,15.547592163085938,-100.0,-100.0,0.0,0.9975208640098572,384.0760550013656,19.597858428955078,25.81697654724121
run_1777443018_89808c98,1777443738.3227043,7.0,966.0,1.0,19.420364379882812,0.0,15.347909927368164,-100.0,-100.0,0.0,1.0205572843551636,377.15055264742114,19.420364379882812,25.81697654724121
run_1777443018_89808c98,1777443740.3482394,7.0,966.0,1.0,19.198535919189453,0.0,15.098352432250977,-100.0,-100.0,0.0,1.0733709335327148,368.5837814404076,19.198535919189453,25.81697654724121
run_1777443018_89808c98,1777443742.3090334,7.0,966.0,1.0,19.10977554321289,0.0,14.998497009277344,-100.0,-100.0,0.0,1.0300862789154053,365.18352131197753,19.10977554321289,25.81697654724121
run_1777443018_89808c98,1777443744.3172925,7.0,966.0,1.0,18.887969970703125,0.0,14.748967170715332,-100.0,-100.0,0.0,1.0837706327438354,356.755409614183,18.887969970703125,25.81697654724121
run_1777443018_89808c98,1777443746.3286011,7.0,966.0,1.0,18.799236297607422,0.0,14.649140357971191,-100.0,-100.0,0.0,1.0394762754440308,353.4112853732804,18.799236297607422,25.81697654724121
run_1777443018_89808c98,1777443748.3228762,7.0,966.0,1.0,18.577425003051758,0.0,14.399602890014648,-100.0,-100.0,0.0,1.0904738903045654,345.1207197440126,18.577425003051758,25.81697654724121
run_1777443018_89808c98,1777443750.349025,7.0,966.0,1.0,18.48871612548828,0.0,14.2998046875,-100.0,-100.0,0.0,1.0455234050750732,341.8326239688904,18.48871612548828,25.81697654724121
run_1777443018_89808c98,1777443752.3117058,7.0,966.0,1.0,18.31130027770996,0.0,14.100213050842285,-100.0,-100.0,0.0,1.066967248916626,335.3037178604609,18.31130027770996,25.81697654724121
run_1777443018_89808c98,1777443754.3208532,7.0,966.0,1.0,18.22256851196289,0.0,14.000389099121094,-100.0,-100.0,0.0,1.0242745876312256,332.06200317318144,18.22256851196289,25.81697654724121
run_1777443018_89808c98,1777443756.3133948,7.0,966.0,1.0,18.000816345214844,0.0,13.750919342041016,-100.0,-100.0,0.0,1.0748865604400635,324.0293890941539,18.000816345214844,25.81697654724121
run_1777443018_89808c98,1777443758.322229,7.0,966.0,1.0,17.91212272644043,0.0,13.651138305664062,-100.0,-100.0,0.0,1.032608985900879,320.84414056706373,17.91212272644043,25.81697654724121
run_1777443018_89808c98,1777443760.3321157,7.0,966.0,1.0,17.690380096435547,0.0,13.401676177978516,-100.0,-100.0,0.0,1.082419991493225,312.94954795636295,17.690380096435547,25.81697654724121
run_1777443018_89808c98,1777443762.3158545,7.0,966.0,1.0,17.601665496826172,0.0,13.301875114440918,-100.0,-100.0,0.0,1.039438009262085,309.8186282621609,17.601665496826172,25.81697654724121
run_1777443018_89808c98,1777443764.3155553,7.0,966.0,1.0,17.379974365234375,0.0,13.052472114562988,-100.0,-100.0,0.0,1.0885636806488037,302.063508936204,17.379974365234375,25.81697654724121
run_1777443018_89808c98,1777443766.3452418,7.0,966.0,1.0,17.29129981994629,0.0,12.952713012695312,-100.0,-100.0,0.0,1.044968843460083,298.98904946327457,17.29129981994629,25.81697654724121
run_1777443018_89808c98,1777443768.3294713,7.0,966.0,1.0,17.069589614868164,0.0,12.703289031982422,-100.0,-100.0,0.0,1.0953737497329712,291.3708896200151,17.069589614868164,25.81697654724121
run_1777443018_89808c98,1777443770.3198287,7.0,966.0,1.0,16.93658447265625,0.0,12.553658485412598,-100.0,-100.0,0.0,1.0812455415725708,286.8478935994208,16.93658447265625,25.81697654724121
run_1777443018_89808c98,1777443772.3757956,7.0,966.0,1.0,16.803573608398438,0.0,12.404019355773926,-100.0,-100.0,0.0,1.0667109489440918,282.3600860128645,16.803573608398438,25.81697654724121
run_1777443018_89808c98,1777443774.3127954,7.0,966.0,1.0,16.626277923583984,0.0,12.204562187194824,-100.0,-100.0,0.0,1.0854061841964722,276.43311759225617,16.626277923583984,25.81697654724121
run_1777443018_89808c98,1777443776.319429,7.0,966.0,1.0,16.40460205078125,0.0,11.955178260803223,-100.0,-100.0,0.0,1.131931185722351,269.1109684444964,16.40460205078125,25.81697654724121
run_1777443018_89808c98,1777443778.347438,7.0,966.0,1.0,16.315956115722656,0.0,11.855451583862305,-100.0,-100.0,0.0,1.0841798782348633,266.21042397018755,16.315956115722656,25.81697654724121
run_1777443018_89808c98,1777443780.3111076,7.0,966.0,1.0,16.094364166259766,0.0,11.606159210205078,-100.0,-100.0,0.0,1.1307642459869385,259.0285579161864,16.094364166259766,25.81697654724121
run_1777443018_89808c98,1777443782.3171036,7.0,966.0,1.0,16.005727767944336,0.0,11.506443977355957,-100.0,-100.0,0.0,1.0831176042556763,256.1833213815444,16.005727767944336,25.81697654724121
run_1777443018_89808c98,1777443784.3192852,7.0,966.0,1.0,15.695489883422852,0.0,11.157426834106445,-100.0,-100.0,0.0,1.1895241737365723,246.34840268062908,15.695489883422852,25.81697654724121
run_1777443018_89808c98,1777443786.3438604,7.0,966.0,1.0,15.606865882873535,0.0,11.057723999023438,-100.0,-100.0,0.0,1.1362638473510742,243.57426268600193,15.606865882873535,25.81697654724121
run_1777443018_89808c98,1777443788.3304687,7.0,966.0,1.0,15.385299682617188,0.0,10.80846118927002,-100.0,-100.0,0.0,1.1821446418762207,236.70744632394053,15.385299682617188,25.81697654724121
run_1777443018_89808c98,1777443790.320024,7.0,966.0,1.0,15.34096908569336,0.0,10.758589744567871,-100.0,-100.0,0.0,1.0994973182678223,235.34533248819935,15.34096908569336,25.81697654724121
run_1777443018_89808c98,1777443792.329248,7.0,966.0,1.0,15.075139045715332,0.0,10.459531784057617,-100.0,-100.0,0.0,1.1729423999786377,227.25981724765097,15.075139045715332,25.81697654724121
run_1777443018_89808c98,1777443794.3163679,7.0,966.0,1.0,15.030815124511719,0.0,10.409667015075684,-100.0,-100.0,0.0,1.0911682844161987,225.92540330725024,15.030815124511719,25.81697654724121
run_1777443018_89808c98,1777443796.3117528,7.0,966.0,1.0,14.809318542480469,0.0,10.160483360290527,-100.0,-100.0,0.0,1.1340601444244385,219.31591569265584,14.809318542480469,25.81697654724121
run_1777443018_89808c98,1777443798.3172684,7.0,966.0,1.0,14.632128715515137,0.0,9.96114444732666,-100.0,-100.0,0.0,1.1462589502334595,214.09919074740264,14.632128715515137,25.81697654724121
run_1777443018_89808c98,1777443800.3150377,7.0,966.0,1.0,14.454906463623047,0.0,9.761770248413086,-100.0,-100.0,0.0,1.1598272323608398,208.94432087209134,14.454906463623047,25.81697654724121
run_1777443018_89808c98,1777443802.3234706,7.0,966.0,1.0,14.322036743164062,0.0,9.61229133605957,-100.0,-100.0,0.0,1.1394588947296143,205.12073647254147,14.322036743164062,25.81697654724121
run_1777443018_89808c98,1777443804.3158166,7.0,966.0,1.0,14.14484691619873,0.0,9.412952423095703,-100.0,-100.0,0.0,1.1488256454467773,200.07669428269674,14.14484691619873,25.81697654724121
run_1777443018_89808c98,1777443806.3204446,7.0,966.0,1.0,14.056269645690918,0.0,9.313302993774414,-100.0,-100.0,0.0,1.09941565990448,197.57871635237188,14.056269645690918,25.81697654724121
run_1777443018_89808c98,1777443808.32684,7.0,966.0,1.0,13.834835052490234,0.0,9.064188957214355,-100.0,-100.0,0.0,1.1438921689987183,191.40266092961247,13.834835052490234,25.81697654724121
run_1777443018_89808c98,1777443810.3140626,7.0,966.0,1.0,13.70199203491211,0.0,8.914740562438965,-100.0,-100.0,0.0,1.1250255107879639,187.7445857247949,13.70199203491211,25.81697654724121
run_1777443018_89808c98,1777443812.3121316,7.0,966.0,1.0,13.480552673339844,0.0,8.665621757507324,-100.0,-100.0,0.0,1.168817400932312,181.72530037869,13.480552673339844,25.81697654724121
run_1777443018_89808c98,1777443814.3394413,7.0,966.0,1.0,13.391983985900879,0.0,8.5659818649292,-100.0,-100.0,0.0,1.117494821548462,179.3452350786256,13.391983985900879,25.81697654724121
run_1777443018_89808c98,1777443816.3100276,7.0,966.0,1.0,13.126331329345703,0.0,8.267122268676758,-100.0,-100.0,0.0,1.1932731866836548,172.30057416776253,13.126331329345703,25.81697654724121
run_1777443018_89808c98,1777443818.318897,7.0,966.0,1.0,13.037742614746094,0.0,8.167460441589355,-100.0,-100.0,0.0,1.1396313905715942,169.9827324883663,13.037742614746094,25.81697654724121
run_1777443018_89808c98,1777443820.3197978,7.0,966.0,1.0,12.860688209533691,0.0,7.968274116516113,-100.0,-100.0,0.0,1.1506465673446655,165.3973012228389,12.860688209533691,25.81697654724121
run_1777443018_89808c98,1777443822.3071191,7.0,966.0,1.0,12.683572769165039,0.0,7.769019603729248,-100.0,-100.0,0.0,1.1612129211425781,160.8730181907049,12.683572769165039,25.81697654724121
run_1777443018_89808c98,1777443824.3274782,7.0,966.0,1.0,12.506511688232422,0.0,7.569826126098633,-100.0,-100.0,0.0,1.1738297939300537,156.41283460789418,12.506511688232422,25.81697654724121
run_1777443018_89808c98,1777443826.3077645,7.0,966.0,1.0,12.417984008789062,0.0,7.470232963562012,-100.0,-100.0,0.0,1.122001051902771,154.20632684254088,12.417984008789062,25.81697654724121
run_1777443018_89808c98,1777443828.3086686,7.0,966.0,1.0,12.196659088134766,0.0,7.221240997314453,-100.0,-100.0,0.0,1.1660033464431763,148.75849291218037,12.196659088134766,25.81697654724121
run_1777443018_89808c98,1777443830.3336031,7.0,966.0,1.0,12.063891410827637,0.0,7.071877479553223,-100.0,-100.0,0.0,1.1449764966964722,145.53747597224083,12.063891410827637,25.81697654724121
run_1777443018_89808c98,1777443832.322395,7.0,966.0,1.0,11.886825561523438,0.0,6.872678279876709,-100.0,-100.0,0.0,1.1573171615600586,141.29662193008699,11.886825561523438,25.81697654724121
run_1777443018_89808c98,1777443834.3182285,7.0,966.0,1.0,11.798316955566406,0.0,6.773106575012207,-100.0,-100.0,0.0,1.107050895690918,139.20028298400575,11.798316955566406,25.81697654724121
run_1777443018_89808c98,1777443836.3341758,7.0,966.0,1.0,11.577066421508789,0.0,6.524200439453125,-100.0,-100.0,0.0,1.152429223060608,134.02846692802632,11.577066421508789,25.81697654724121
run_1777443018_89808c98,1777443838.3222177,7.0,966.0,1.0,11.488567352294922,0.0,6.424638748168945,-100.0,-100.0,0.0,1.1038404703140259,131.98717980821675,11.488567352294922,25.81697654724121
run_1777443018_89808c98,1777443840.3068726,7.0,966.0,1.0,11.223047256469727,0.0,6.125927448272705,-100.0,-100.0,0.0,1.1790028810501099,125.95678972095266,11.223047256469727,25.81697654724121
run_1777443018_89808c98,1777443842.3164039,7.0,966.0,1.0,11.17880916595459,0.0,6.076160430908203,-100.0,-100.0,0.0,1.0972012281417847,124.96577436883035,11.17880916595459,25.81697654724121
run_1777443018_89808c98,1777443844.3675256,7.0,966.0,1.0,10.957576751708984,0.0,5.827274322509766,-100.0,-100.0,0.0,1.1416808366775513,120.06848826959322,10.957576751708984,25.81697654724121
run_1777443018_89808c98,1777443846.348253,7.0,966.0,1.0,10.869097709655762,0.0,5.727734565734863,-100.0,-100.0,0.0,1.094103455543518,118.13728502204413,10.869097709655762,25.81697654724121
run_1777443018_89808c98,1777443848.3575802,7.0,966.0,1.0,10.64788818359375,0.0,5.4788737297058105,-100.0,-100.0,0.0,1.140688419342041,113.37752277031541,10.64788818359375,25.81697654724121
run_1777443018_89808c98,1777443850.3073545,7.0,966.0,1.0,10.559417724609375,0.0,5.379344940185547,-100.0,-100.0,0.0,1.093199610710144,111.50130268279463,10.559417724609375,25.81697654724121
run_1777443018_89808c98,1777443852.3156478,7.0,966.0,1.0,10.338232040405273,0.0,5.13051176071167,-100.0,-100.0,0.0,1.1398545503616333,106.87904172126218,10.338232040405273,25.81697654724121
run_1777443018_89808c98,1777443854.3164406,7.0,966.0,1.0,10.205520629882812,0.0,4.981210231781006,-100.0,-100.0,0.0,1.1231096982955933,104.15265132696368,10.205520629882812,25.81697654724121
run_1777443018_89808c98,1777443856.3253393,7.0,966.0,1.0,9.98436164855957,0.0,4.732407093048096,-100.0,-100.0,0.0,1.170546293258667,99.68747752922718,9.98436164855957,25.81697654724121
run_1777443018_89808c98,1777443858.3099136,7.0,966.0,1.0,9.940144538879395,0.0,4.6826629638671875,-100.0,-100.0,0.0,1.0895366668701172,98.80647345381385,9.940144538879395,25.81697654724121
run_1777443018_89808c98,1777443860.3198965,7.0,966.0,1.0,9.763250350952148,0.0,4.483656883239746,-100.0,-100.0,0.0,1.1070475578308105,95.32105741536725,9.763250350952148,25.81697654724121
run_1777443018_89808c98,1777443862.3222702,7.0,966.0,1.0,9.630563735961914,0.0,4.334384441375732,-100.0,-100.0,0.0,1.0934149026870728,92.7477578724247,9.630563735961914,25.81697654724121
run_1777443018_89808c98,1777443864.3548636,7.0,966.0,1.0,9.54212474822998,0.0,4.234890460968018,-100.0,-100.0,0.0,1.0480042695999146,91.05214471078307,9.54212474822998,25.81697654724121
run_1777443018_89808c98,1777443866.3365583,7.0,966.0,1.0,9.365240097045898,0.0,4.035895347595215,-100.0,-100.0,0.0,1.0670596361160278,87.70772207531627,9.365240097045898,25.81697654724121
run_1777443018_89808c98,1777443868.385966,7.0,966.0,1.0,9.232601165771484,0.0,3.8866770267486572,-100.0,-100.0,0.0,1.053594946861267,85.24092428620497,9.232601165771484,25.81697654724121
run_1777443018_89808c98,1777443870.335089,7.0,966.0,1.0,9.01148796081543,0.0,3.6379237174987793,-100.0,-100.0,0.0,1.1027724742889404,81.20691526792143,9.01148796081543,25.81697654724121
run_1777443018_89808c98,1777443872.3193452,7.0,966.0,1.0,8.923067092895508,0.0,3.538450241088867,-100.0,-100.0,0.0,1.0564571619033813,79.62112634431469,8.923067092895508,25.81697654724121
run_1777443018_89808c98,1777443874.3247442,7.0,966.0,1.0,8.702033996582031,0.0,3.289788246154785,-100.0,-100.0,0.0,1.1053075790405273,75.72539567766944,8.702033996582031,25.81697654724121
run_1777443018_89808c98,1777443876.3130417,7.0,966.0,1.0,8.61362361907959,0.0,3.190326690673828,-100.0,-100.0,0.0,1.0587434768676758,74.19451185116577,8.61362361907959,25.81697654724121
run_1777443018_89808c98,1777443878.3351843,7.0,966.0,1.0,8.436765670776367,0.0,2.991361379623413,-100.0,-100.0,0.0,1.076756477355957,71.1790149835906,8.436765670776367,25.81697654724121
run_1777443018_89808c98,1777443880.3428426,7.0,966.0,1.0,8.304170608520508,0.0,2.842191696166992,-100.0,-100.0,-0.18420961499214172,1.0623371601104736,68.95924949541586,8.304170608520508,25.81697654724121
run_1777443018_89808c98,1777443882.3782873,7.0,966.0,1.0,8.127345085144043,0.0,2.6432628631591797,-100.0,-100.0,-0.42642271518707275,1.07998526096344,66.05373813301503,8.127345085144043,25.81697654724121
run_1777443018_89808c98,1777443884.319996,7.0,966.0,1.0,7.994763374328613,0.0,2.4941089153289795,-100.0,-100.0,-0.66386479139328,1.0652493238449097,63.916241411506235,7.994763374328613,25.81697654724121
run_1777443018_89808c98,1777443886.3147233,7.0,966.0,1.0,7.817986488342285,0.0,2.2952349185943604,-100.0,-100.0,-0.8969278335571289,1.0825873613357544,61.120912731902536,7.817986488342285,25.81697654724121
run_1777443018_89808c98,1777443888.3205986,7.0,966.0,1.0,7.597007751464844,0.0,2.04663348197937,-100.0,-100.0,-1.2376986742019653,1.076066255569458,57.71452677581692,7.597007751464844,25.81697654724121
run_1777443018_89808c98,1777443913.202376,7.0,966.0,1.0,5.211578845977783,0.0,-0.6369737386703491,-77.77085876464844,-74.45113372802734,-4.355468273162842,1.0357379913330078,27.160554067843123,5.211578845977783,25.81697654724121
run_1777443018_89808c98,1777443926.832038,13.0,699.0,58.0,4.725896835327148,0.0,-1.183365821838379,-9.049972534179688,-36.35305404663086,-4.776821613311768,32.07990264892578,22.334100898155157,4.725896835327148,25.81697654724121
run_1777443018_89808c98,1777443932.1392229,13.0,699.0,58.0,4.328573226928711,0.0,-1.6303555965423584,-8.315929412841797,-33.29671859741211,-5.125760555267334,30.106550216674805,18.736546180884034,4.328573226928711,25.81697654724121
run_1777443018_89808c98,1777443956.7860684,13.0,699.0,58.0,2.519273042678833,0.0,-3.665817975997925,-1.417309045791626,-19.379024505615234,-6.393559455871582,24.355274200439453,6.346736663568265,2.519273042678833,25.81697654724121
run_1777443018_89808c98,1777443972.8000207,13.0,699.0,58.0,2.2986812591552734,0.0,-3.9139833450317383,-1.8768653869628906,-17.682165145874023,-6.553345680236816,22.358646392822266,5.283935531191673,2.2986812591552734,25.81697654724121
run_1777443018_89808c98,1777444012.1790519,13.0,699.0,58.0,0.6670031547546387,0.0,-5.749621391296387,-2.5421528816223145,-5.130793571472168,-7.41562557220459,10.004265785217285,0.44489320845264047,0.6670031547546387,25.81697654724121
run_1777443018_89808c98,1777444042.807982,18.0,124.0,49.0,0.44655275344848633,0.0,-5.997628211975098,-3.8312056064605713,-2.480848789215088,-7.5918049812316895,6.241448402404785,0.19940936161242462,0.44655275344848633,25.81697654724121
run_1777443018_89808c98,1777444069.8818882,18.0,124.0,49.0,-0.39092063903808594,0.0,-6.939785957336426,1.9450697898864746,2.171781301498413,-7.316812992095947,7.09010124206543,0.15281894602594548,0.39092063903808594,25.81697654724121
run_1777443018_89808c98,1777444076.75237,18.0,124.0,49.0,-0.5231304168701172,0.0,-7.088521957397461,3.558917284011841,2.906280279159546,-7.133530139923096,7.786167621612549,0.2736654330547026,0.5231304168701172,25.81697654724121
run_1777443018_89808c98,1777444079.4640055,18.0,124.0,49.0,-0.6112766265869141,0.0,-7.187685966491699,4.3365044593811035,3.3959813117980957,-6.911700248718262,7.8522233963012695,0.37365911421147757,0.6112766265869141,25.81697654724121
run_1777443018_89808c98,1777444082.4657052,18.0,124.0,49.0,-0.6994061470031738,0.0,-7.286831855773926,5.122372150421143,3.885589838027954,-6.649561882019043,7.886343955993652,0.4891689584658252,0.6994061470031738,25.81697654724121
run_1777443018_89808c98,1777444085.3104465,18.0,124.0,49.0,-0.7875461578369141,0.0,-7.385989189147949,6.2209343910217285,4.375256538391113,-6.453057289123535,8.298735618591309,0.6202289507236856,0.7875461578369141,25.81697654724121
run_1777443018_89808c98,1777444087.3044965,18.0,124.0,49.0,-0.8316159248352051,0.0,-7.435567855834961,6.4769721031188965,4.620088577270508,-6.238170623779297,8.095054626464844,0.6915850464395135,0.8316159248352051,25.81697654724121
run_1777443018_89808c98,1777444089.3133917,18.0,124.0,49.0,-0.9197392463684082,0.0,-7.5347065925598145,7.618782043457031,5.1096625328063965,-6.013206958770752,8.522326469421387,0.8459202813103275,0.9197392463684082,25.81697654724121
run_1777443018_89808c98,1777444091.3197708,18.0,124.0,49.0,-0.9197392463684082,0.0,-7.5347065925598145,7.05332612991333,5.1096625328063965,-5.765721321105957,7.709384918212891,0.8459202813103275,0.9197392463684082,25.81697654724121
run_1777443018_89808c98,1777444093.3155167,18.0,124.0,49.0,-1.0078577995300293,0.0,-7.633840084075928,8.227652549743652,5.599210262298584,-5.509937286376953,8.138379096984863,1.0157773440735127,1.0078577995300293,25.81697654724121
run_1777443018_89808c98,1777444095.3144526,18.0,124.0,49.0,-1.0519099235534668,0.0,-7.683398723602295,8.557931900024414,5.843944072723389,-5.235772609710693,7.949760437011719,1.1065144872702604,1.0519099235534668,25.81697654724121
run_1777443018_89808c98,1777444097.3178954,18.0,124.0,49.0,-1.09598970413208,0.0,-7.732988357543945,8.928119659423828,6.088831424713135,-4.95212459564209,7.791412830352783,1.2011934315635244,1.09598970413208,25.81697654724121
run_1777443018_89808c98,1777444099.3146107,18.0,124.0,49.0,-1.1400408744812012,0.0,-7.782545566558838,9.315193176269531,6.333560466766357,-4.654244899749756,7.6358771324157715,1.2996931954878619,1.1400408744812012,25.81697654724121
run_1777443018_89808c98,1777444101.53867,18.0,124.0,49.0,-1.1841039657592773,0.0,-7.832117080688477,9.738716125488281,6.578355312347412,-4.346881866455078,7.5072431564331055,1.4021022017268479,1.1841039657592773,25.81697654724121
run_1777443018_89808c98,1777444103.3403468,18.0,124.0,49.0,-1.1841039657592773,0.0,-7.832117080688477,9.341230392456055,6.578355312347412,-4.028257846832275,6.791132926940918,1.4021022017268479,1.1841039657592773,25.81697654724121
run_1777443018_89808c98,1777444105.3158748,18.0,124.0,49.0,-1.22816801071167,0.0,-7.881689071655273,9.829309463500977,6.823155879974365,-3.7019238471984863,6.708077430725098,1.5083966625354606,1.22816801071167,25.81697654724121
run_1777443018_89808c98,1777444107.3236616,18.0,124.0,49.0,-1.2722172737121582,0.0,-7.931244373321533,10.328060150146484,7.067873954772949,-3.3613626956939697,6.621549129486084,1.6185367915315965,1.2722172737121582,25.81697654724121
run_1777443018_89808c98,1777444109.301206,18.0,124.0,49.0,-1.316293716430664,0.0,-7.980830192565918,10.856256484985352,7.312742710113525,-3.011317014694214,6.554831027984619,1.7326291479148495,1.316293716430664,25.81697654724121
run_1777443018_89808c98,1777444111.309774,18.0,124.0,49.0,-1.3603544235229492,0.0,-8.03039836883545,11.420747756958008,7.557524681091309,-2.654155731201172,6.517378807067871,1.8505641575984555,1.3603544235229492,25.81697654724121
run_1777443018_89808c98,1777444113.3157747,18.0,124.0,49.0,-1.3603544235229492,0.0,-8.03039836883545,11.16511344909668,7.557524681091309,-2.2881011962890625,5.895690441131592,1.8505641575984555,1.3603544235229492,25.81697654724121
run_1777443018_89808c98,1777444115.3146815,18.0,124.0,49.0,-1.40440034866333,0.0,-8.079950332641602,11.804058074951172,7.802224159240723,-1.9190841913223267,5.9209184646606445,1.972340339325683,1.40440034866333,25.81697654724121
run_1777443018_89808c98,1777444117.308119,18.0,124.0,49.0,-1.40440034866333,0.0,-8.079950332641602,11.617170333862305,7.802224159240723,-1.5411796569824219,5.356125831604004,1.972340339325683,1.40440034866333,25.81697654724121
run_1777443018_89808c98,1777444119.3021848,18.0,124.0,49.0,-1.4484591484069824,0.0,-8.1295166015625,12.292475700378418,8.046995162963867,-1.1531976461410522,5.398678779602051,2.0980339046038807,1.4484591484069824,25.81697654724121
run_1777443018_89808c98,1777444121.3169966,18.0,124.0,49.0,-1.4484591484069824,0.0,-8.1295166015625,12.167258262634277,8.046995162963867,-0.7634372711181641,4.883700370788574,2.0980339046038807,1.4484591484069824,25.81697654724121
run_1777443018_89808c98,1777444123.3121645,18.0,124.0,49.0,-1.4925050735473633,0.0,-8.179068565368652,12.926441192626953,8.291695594787598,-0.37071385979652405,5.005460262298584,2.2275713945646203,1.4925050735473633,25.81697654724121
run_1777443018_89808c98,1777444125.3256009,18.0,124.0,49.0,-1.4925050735473633,0.0,-8.179068565368652,12.83719253540039,8.291695594787598,0.017505068331956863,4.527992248535156,2.2275713945646203,1.4925050735473633,25.81697654724121
run_1777443018_89808c98,1777444127.5361032,18.0,124.0,49.0,-1.4925050735473633,0.0,-8.179068565368652,12.539007186889648,8.291695594787598,0.15124206244945526,4.0960693359375,2.2275713945646203,1.4925050735473633,25.81697654724121
run_1777443018_89808c98,1777444129.303443,18.0,124.0,49.0,-1.5365495681762695,0.0,-8.228618621826172,13.093775749206543,8.536386489868164,0.28754425048828125,4.2698445320129395,2.3609845754626804,1.5365495681762695,25.81697654724121
run_1777443018_89808c98,1777444131.3159616,18.0,124.0,49.0,-1.5365495681762695,0.0,-8.228618621826172,12.824161529541016,8.536386489868164,0.4252278804779053,3.862546682357788,2.3609845754626804,1.5365495681762695,25.81697654724121
run_1777443018_89808c98,1777444133.311414,18.0,124.0,49.0,-1.5365495681762695,0.0,-8.228618621826172,12.593399047851562,8.536386489868164,0.5629118084907532,3.494100570678711,2.3609845754626804,1.5365495681762695,25.81697654724121
run_1777443018_89808c98,1777444135.3262248,18.0,124.0,49.0,-1.5365495681762695,0.0,-8.228618621826172,12.397782325744629,8.536386489868164,0.7005957365036011,3.160799980163574,2.3609845754626804,1.5365495681762695,25.81697654724121
run_1777443018_89808c98,1777444137.319696,18.0,124.0,49.0,-1.5365495681762695,0.0,-8.228618621826172,12.23395824432373,8.536386489868164,0.8382792472839355,2.85929274559021,2.3609845754626804,1.5365495681762695,25.81697654724121
run_1777443018_89808c98,1777444139.3538153,18.0,124.0,49.0,-1.5806069374084473,0.0,-8.278182983398438,12.817770004272461,8.781149864196777,1.0501346588134766,2.9864859580993652,2.498318290583711,1.5806069374084473,25.81697654724121
run_1777443018_89808c98,1777444142.3095212,18.0,124.0,49.0,-1.5806069374084473,0.0,-8.278182983398438,12.674522399902344,8.781149864196777,1.1917665004730225,2.701606512069702,2.498318290583711,1.5806069374084473,25.81697654724121
run_1777443018_89808c98,1777444144.306756,18.0,124.0,49.0,-1.5806069374084473,0.0,-8.278182983398438,12.558449745178223,8.781149864196777,1.3333982229232788,2.443902015686035,2.498318290583711,1.5806069374084473,25.81697654724121
run_1777443018_89808c98,1777444146.3159316,18.0,124.0,49.0,-1.5806069374084473,0.0,-8.278182983398438,12.466959953308105,8.781149864196777,1.4750300645828247,2.2107796669006348,2.498318290583711,1.5806069374084473,25.81697654724121
run_1777443018_89808c98,1777444148.3109577,18.0,124.0,49.0,-1.5806069374084473,0.0,-8.278182983398438,12.397706985473633,8.781149864196777,1.616661787033081,1.9998947381973267,2.498318290583711,1.5806069374084473,25.81697654724121
run_1777443018_89808c98,1777444150.3113182,18.0,124.0,49.0,-1.5806069374084473,0.0,-8.278182983398438,12.348569869995117,8.781149864196777,1.758293628692627,1.8091259002685547,2.498318290583711,1.5806069374084473,25.81697654724121
run_1777443018_89808c98,1777444152.3157501,18.0,124.0,49.0,-1.5806069374084473,0.0,-8.278182983398438,12.31762981414795,8.781149864196777,1.8999254703521729,1.63655424118042,2.498318290583711,1.5806069374084473,25.81697654724121
run_1777443018_89808c98,1777444154.318103,18.0,124.0,49.0,-1.6246514320373535,0.0,-8.327733039855957,13.130956649780273,9.025840759277344,2.042937994003296,2.0621771812438965,2.6394922756210235,1.6246514320373535,25.81697654724121
run_1777443018_89808c98,1777444156.3195221,18.0,124.0,49.0,-1.6246514320373535,0.0,-8.327733039855957,13.07982349395752,9.025840759277344,2.1885149478912354,1.8654670715332031,2.6394922756210235,1.6246514320373535,25.81697654724121
run_1777443018_89808c98,1777444158.315721,18.0,124.0,49.0,-1.6246514320373535,0.0,-8.327733039855957,13.047453880310059,9.025840759277344,2.334091901779175,1.6875213384628296,2.6394922756210235,1.6246514320373535,25.81697654724121
run_1777443018_89808c98,1777444160.333903,18.0,124.0,49.0,-1.6246514320373535,0.0,-8.327733039855957,13.032059669494629,9.025840759277344,2.479668617248535,1.5265496969223022,2.6394922756210235,1.6246514320373535,25.81697654724121
run_1777443018_89808c98,1777444162.3006546,18.0,124.0,49.0,-1.6246514320373535,0.0,-8.327733039855957,13.032018661499023,9.025840759277344,2.6252455711364746,1.3809328079223633,2.6394922756210235,1.6246514320373535,25.81697654724121
run_1777443018_89808c98,1777444164.320562,18.0,124.0,49.0,-1.6246514320373535,0.0,-8.327733039855957,13.045869827270508,9.025840759277344,2.770822525024414,1.24920654296875,2.6394922756210235,1.6246514320373535,25.81697654724121
run_1777443018_89808c98,1777444166.3002167,18.0,124.0,49.0,-1.6246514320373535,0.0,-8.327733039855957,13.072286605834961,9.025840759277344,2.9163994789123535,1.1300455331802368,2.6394922756210235,1.6246514320373535,25.81697654724121
run_1777443018_89808c98,1777444168.311319,18.0,124.0,49.0,-1.6246514320373535,0.0,-8.327733039855957,13.110068321228027,9.025840759277344,3.061976194381714,1.022251009941101,2.6394922756210235,1.6246514320373535,25.81697654724121
run_1777443018_89808c98,1777444170.3162408,18.0,124.0,49.0,-1.6246514320373535,0.0,-8.327733039855957,13.158133506774902,9.025840759277344,3.2075531482696533,0.9247391223907471,2.6394922756210235,1.6246514320373535,25.81697654724121
run_1777443018_89808c98,1777444172.318156,18.0,124.0,49.0,-1.6246514320373535,0.0,-8.327733039855957,13.215499877929688,9.025840759277344,3.3531301021575928,0.8365287184715271,2.6394922756210235,1.6246514320373535,25.81697654724121
run_1777443018_89808c98,1777444174.311967,18.0,124.0,49.0,-1.668722152709961,0.0,-8.377312660217285,14.109579086303711,9.270678520202637,3.500089168548584,1.3388116359710693,2.784633622944966,1.668722152709961,25.81697654724121
run_1777443018_89808c98,1777444176.3148518,18.0,124.0,49.0,-1.668722152709961,0.0,-8.377312660217285,14.131397247314453,9.270678520202637,3.6496148109436035,1.2111032009124756,2.784633622944966,1.668722152709961,25.81697654724121
run_1777443018_89808c98,1777444178.313503,18.0,124.0,49.0,-1.668722152709961,0.0,-8.377312660217285,14.165395736694336,9.270678520202637,3.799140453338623,1.095576524734497,2.784633622944966,1.668722152709961,25.81697654724121
run_1777443018_89808c98,1777444180.4205194,18.0,124.0,49.0,-1.668722152709961,0.0,-8.377312660217285,14.265402793884277,9.270678520202637,4.098191738128662,0.8965325355529785,2.784633622944966,1.668722152709961,25.81697654724121
run_1777443018_89808c98,1777444184.471838,18.0,124.0,49.0,-1.668722152709961,0.0,-8.377312660217285,14.364521026611328,9.270678520202637,4.322480201721191,0.7713625431060791,2.784633622944966,1.668722152709961,25.81697654724121
run_1777443018_89808c98,1777444187.3527327,18.0,124.0,49.0,-1.668722152709961,0.0,-8.377312660217285,14.481115341186523,9.270678520202637,4.546769142150879,0.6636680960655212,2.784633622944966,1.668722152709961,25.81697654724121
run_1777443018_89808c98,1777444191.024302,18.0,124.0,49.0,-1.6246514320373535,0.0,-8.327733039855957,13.767860412597656,9.025840759277344,4.770860195159912,-0.028841279447078705,2.6394922756210235,1.6246514320373535,25.81697654724121
run_1777443018_89808c98,1777444193.6334429,18.0,124.0,49.0,-1.6246514320373535,0.0,-8.327733039855957,13.947641372680664,9.025840759277344,4.992384433746338,-0.07058324664831161,2.6394922756210235,1.6246514320373535,25.81697654724121
run_1777443018_89808c98,1777444196.8906312,18.0,124.0,49.0,-1.6246514320373535,0.0,-8.327733039855957,14.778230667114258,9.025840759277344,5.793057441711426,-0.04066687822341919,2.6394922756210235,1.6246514320373535,25.81697654724121
run_1777443018_89808c98,1777444208.2929475,18.0,124.0,49.0,-1.6246514320373535,0.0,-8.327733039855957,15.002274513244629,9.025840759277344,6.011422634124756,-0.034989144653081894,2.6394922756210235,1.6246514320373535,25.81697654724121
run_1777443018_89808c98,1777444210.319534,18.0,124.0,49.0,-1.5806069374084473,0.0,-8.278182983398438,14.381143569946289,8.781149864196777,6.22959041595459,-0.629598081111908,2.498318290583711,1.5806069374084473,25.81697654724121
run_1777443018_89808c98,1777444213.4454474,18.0,124.0,49.0,-1.5806069374084473,0.0,-8.278182983398438,14.681497573852539,8.781149864196777,6.442043304443359,-0.5416964888572693,2.498318290583711,1.5806069374084473,25.81697654724121
run_1777443018_89808c98,1777444216.3099778,18.0,124.0,49.0,-1.5806069374084473,0.0,-8.278182983398438,14.87480354309082,8.781149864196777,6.583678722381592,-0.4900243282318115,2.498318290583711,1.5806069374084473,25.81697654724121
run_1777443018_89808c98,1777444218.3263555,18.0,124.0,49.0,-1.5806069374084473,0.0,-8.278182983398438,15.063182830810547,8.781149864196777,6.725314140319824,-0.4432810842990875,2.498318290583711,1.5806069374084473,25.81697654724121
run_1777443018_89808c98,1777444220.3050911,18.0,124.0,49.0,-1.5806069374084473,0.0,-8.278182983398438,15.247103691101074,8.781149864196777,6.866950035095215,-0.4009968042373657,2.498318290583711,1.5806069374084473,25.81697654724121
run_1777443018_89808c98,1777444222.3009896,18.0,124.0,49.0,-1.5806069374084473,0.0,-8.278182983398438,15.42698860168457,8.781149864196777,7.008585453033447,-0.36274588108062744,2.498318290583711,1.5806069374084473,25.81697654724121
run_1777443018_89808c98,1777444224.320284,18.0,124.0,49.0,-1.5365495681762695,0.0,-8.228618621826172,14.78593921661377,8.536386489868164,7.1480488777160645,-0.8984951376914978,2.3609845754626804,1.5365495681762695,25.81697654724121
run_1777443018_89808c98,1777444226.3089218,18.0,124.0,49.0,-1.5365495681762695,0.0,-8.228618621826172,15.009333610534668,8.536386489868164,7.285735607147217,-0.8127880096435547,2.3609845754626804,1.5365495681762695,25.81697654724121
run_1777443018_89808c98,1777444228.3570645,18.0,124.0,49.0,-1.5365495681762695,0.0,-8.228618621826172,15.224552154541016,8.536386489868164,7.423422336578369,-0.7352566123008728,2.3609845754626804,1.5365495681762695,25.81697654724121
run_1777443018_89808c98,1777444230.301038,18.0,124.0,49.0,-1.5365495681762695,0.0,-8.228618621826172,15.432374000549316,8.536386489868164,7.5611090660095215,-0.6651208400726318,2.3609845754626804,1.5365495681762695,25.81697654724121
run_1777443018_89808c98,1777444232.3021953,18.0,124.0,49.0,-1.5365495681762695,0.0,-8.228618621826172,15.633506774902344,8.536386489868164,7.698795795440674,-0.601675271987915,2.3609845754626804,1.5365495681762695,25.81697654724121
run_1777443018_89808c98,1777444234.3118067,18.0,124.0,49.0,-1.4925050735473633,0.0,-8.179068565368652,14.989789962768555,8.291695594787598,7.835890293121338,-1.1377958059310913,2.2275713945646203,1.4925050735473633,25.81697654724121
run_1777443018_89808c98,1777444236.3048804,18.0,124.0,49.0,-1.4925050735473633,0.0,-8.179068565368652,15.232062339782715,8.291695594787598,7.96962833404541,-1.0292620658874512,2.2275713945646203,1.4925050735473633,25.81697654724121
run_1777443018_89808c98,1777444238.3090863,18.0,124.0,49.0,-1.4925050735473633,0.0,-8.179068565368652,15.463980674743652,8.291695594787598,8.103365898132324,-0.9310812950134277,2.2275713945646203,1.4925050735473633,25.81697654724121
run_1777443018_89808c98,1777444240.3026922,18.0,124.0,49.0,-1.4925050735473633,0.0,-8.179068565368652,15.68653392791748,8.291695594787598,8.237104415893555,-0.8422661423683167,2.2275713945646203,1.4925050735473633,25.81697654724121
run_1777443018_89808c98,1777444242.3483217,18.0,124.0,49.0,-1.4925050735473633,0.0,-8.179068565368652,15.900614738464355,8.291695594787598,8.370841979980469,-0.7619229555130005,2.2275713945646203,1.4925050735473633,25.81697654724121
run_1777443018_89808c98,1777444244.3007038,18.0,124.0,49.0,-1.4925050735473633,0.0,-8.179068565368652,16.107032775878906,8.291695594787598,8.504579544067383,-0.6892433762550354,2.2275713945646203,1.4925050735473633,25.81697654724121
run_1777443018_89808c98,1777444246.3926778,18.0,124.0,49.0,-1.4484591484069824,0.0,-8.1295166015625,15.467689514160156,8.046995162963867,8.637725830078125,-1.2170302867889404,2.0980339046038807,1.4484591484069824,25.81697654724121
run_1777443018_89808c98,1777444248.311531,18.0,124.0,49.0,-1.4484591484069824,0.0,-8.1295166015625,15.713570594787598,8.046995162963867,8.7675142288208,-1.1009384393692017,2.0980339046038807,1.4484591484069824,25.81697654724121
run_1777443018_89808c98,1777444250.3113523,18.0,124.0,49.0,-1.4925050735473633,0.0,-8.179068565368652,16.78720474243164,8.291695594787598,8.897895812988281,-0.4023873209953308,2.2275713945646203,1.4925050735473633,25.81697654724121
run_1777443018_89808c98,1777444252.3038633,18.0,124.0,49.0,-1.4484591484069824,0.0,-8.1295166015625,16.13149070739746,8.046995162963867,9.030251502990723,-0.945755124092102,2.0980339046038807,1.4484591484069824,25.81697654724121
run_1777443018_89808c98,1777444254.399523,18.0,124.0,49.0,-1.40440034866333,0.0,-8.079950332641602,15.512426376342773,7.802224159240723,9.159448623657227,-1.449246883392334,1.972340339325683,1.40440034866333,25.81697654724121
run_1777443018_89808c98,1777444256.2988741,18.0,124.0,49.0,-1.40440034866333,0.0,-8.079950332641602,15.776509284973145,7.802224159240723,9.28528881072998,-1.3110039234161377,1.972340339325683,1.40440034866333,25.81697654724121
run_1777443018_89808c98,1777444258.3013234,18.0,124.0,49.0,-1.40440034866333,0.0,-8.079950332641602,16.027406692504883,7.802224159240723,9.411128997802734,-1.1859480142593384,1.972340339325683,1.40440034866333,25.81697654724121
run_1777443018_89808c98,1777444260.312231,18.0,124.0,49.0,-1.40440034866333,0.0,-8.079950332641602,16.266372680664062,7.802224159240723,9.536970138549805,-1.072820782661438,1.972340339325683,1.40440034866333,25.81697654724121
run_1777443018_89808c98,1777444262.3052933,18.0,124.0,49.0,-1.3603544235229492,0.0,-8.03039836883545,15.688003540039062,7.557524681091309,9.6598482131958,-1.529369592666626,1.8505641575984555,1.3603544235229492,25.81697654724121
run_1777443018_89808c98,1777444264.304801,18.0,124.0,49.0,-1.3603544235229492,0.0,-8.03039836883545,15.955781936645508,7.557524681091309,9.781740188598633,-1.383483648300171,1.8505641575984555,1.3603544235229492,25.81697654724121
run_1777443018_89808c98,1777444266.349477,18.0,124.0,49.0,-1.3603544235229492,0.0,-8.03039836883545,16.20964241027832,7.557524681091309,9.903631210327148,-1.251513957977295,1.8505641575984555,1.3603544235229492,25.81697654724121
run_1777443018_89808c98,1777444268.3101077,18.0,124.0,49.0,-1.3603544235229492,0.0,-8.03039836883545,16.450916290283203,7.557524681091309,10.02552318572998,-1.1321325302124023,1.8505641575984555,1.3603544235229492,25.81697654724121
run_1777443018_89808c98,1777444270.307657,18.0,124.0,49.0,-1.316293716430664,0.0,-7.980830192565918,15.873985290527344,7.312742710113525,10.144453048706055,-1.5832111835479736,1.7326291479148495,1.316293716430664,25.81697654724121
run_1777443018_89808c98,1777444272.315665,18.0,124.0,49.0,-1.316293716430664,0.0,-7.980830192565918,16.1429500579834,7.312742710113525,10.262395858764648,-1.4321898221969604,1.7326291479148495,1.316293716430664,25.81697654724121
run_1777443018_89808c98,1777444274.3226898,18.0,124.0,49.0,-1.316293716430664,0.0,-7.980830192565918,16.397506713867188,7.312742710113525,10.380337715148926,-1.2955739498138428,1.7326291479148495,1.316293716430664,25.81697654724121
run_1777443018_89808c98,1777444276.3122535,18.0,124.0,49.0,-1.316293716430664,0.0,-7.980830192565918,16.639034271240234,7.312742710113525,10.49828052520752,-1.1719897985458374,1.7326291479148495,1.316293716430664,25.81697654724121
run_1777443018_89808c98,1777444278.5628433,18.0,124.0,49.0,-1.2722172737121582,0.0,-7.931244373321533,16.061670303344727,7.067873954772949,10.613262176513672,-1.6194660663604736,1.6185367915315965,1.2722172737121582,25.81697654724121
run_1777443018_89808c98,1777444280.3151982,18.0,124.0,49.0,-1.2722172737121582,0.0,-7.931244373321533,16.33014488220215,7.067873954772949,10.727255821228027,-1.464985728263855,1.6185367915315965,1.2722172737121582,25.81697654724121
run_1777443018_89808c98,1777444282.3096461,18.0,124.0,49.0,-1.2722172737121582,0.0,-7.931244373321533,16.583881378173828,7.067873954772949,10.841249465942383,-1.3252419233322144,1.6185367915315965,1.2722172737121582,25.81697654724121
run_1777443018_89808c98,1777444284.3080955,18.0,124.0,49.0,-1.22816801071167,0.0,-7.881689071655273,15.996393203735352,6.823155879974365,10.953861236572266,-1.780623435974121,1.5083966625354606,1.22816801071167,25.81697654724121
run_1777443018_89808c98,1777444286.3194602,18.0,124.0,49.0,-1.22816801071167,0.0,-7.881689071655273,16.276290893554688,6.823155879974365,11.0639066696167,-1.6107704639434814,1.5083966625354606,1.22816801071167,25.81697654724121
run_1777443018_89808c98,1777444288.3063896,18.0,124.0,49.0,-1.22816801071167,0.0,-7.881689071655273,16.53998565673828,6.823155879974365,11.173952102661133,-1.4571198225021362,1.5083966625354606,1.22816801071167,25.81697654724121
run_1777443018_89808c98,1777444290.303946,18.0,124.0,49.0,-1.22816801071167,0.0,-7.881689071655273,16.789026260375977,6.823155879974365,11.28399658203125,-1.31812584400177,1.5083966625354606,1.22816801071167,25.81697654724121
run_1777443018_89808c98,1777444292.31017,18.0,124.0,49.0,-1.1841039657592773,0.0,-7.832117080688477,16.228239059448242,6.578355312347412,11.390290260314941,-1.7404065132141113,1.4021022017268479,1.1841039657592773,25.81697654724121
run_1777443018_89808c98,1777444294.3335867,18.0,124.0,49.0,-1.1841039657592773,0.0,-7.832117080688477,16.50035285949707,6.578355312347412,11.496386528015137,-1.574390172958374,1.4021022017268479,1.1841039657592773,25.81697654724121
run_1777443018_89808c98,1777444296.3124976,18.0,124.0,49.0,-1.1841039657592773,0.0,-7.832117080688477,16.756628036499023,6.578355312347412,11.602482795715332,-1.4242098331451416,1.4021022017268479,1.1841039657592773,25.81697654724121
run_1777443018_89808c98,1777444298.3056576,18.0,124.0,49.0,-1.1400408744812012,0.0,-7.782545566558838,16.18118667602539,6.333560466766357,11.70640754699707,-1.858781337738037,1.2996931954878619,1.1400408744812012,25.81697654724121
run_1777443018_89808c98,1777444300.3145275,18.0,124.0,49.0,-1.1400408744812012,0.0,-7.782545566558838,16.429039001464844,6.333560466766357,11.810924530029297,-1.715447187423706,1.2996931954878619,1.1400408744812012,25.81697654724121
run_1777443018_89808c98,1777444302.3228729,18.0,124.0,49.0,-1.1400408744812012,0.0,-7.782545566558838,16.694822311401367,6.333560466766357,11.913071632385254,-1.5518114566802979,1.2996931954878619,1.1400408744812012,25.81697654724121
run_1777443018_89808c98,1777444304.319188,18.0,124.0,49.0,-1.1400408744812012,0.0,-7.782545566558838,16.944995880126953,6.333560466766357,12.015218734741211,-1.403785228729248,1.2996931954878619,1.1400408744812012,25.81697654724121
run_1777443018_89808c98,1777444306.4447777,18.0,124.0,49.0,-1.09598970413208,0.0,-7.732988357543945,16.36388397216797,6.088831424713135,12.115202903747559,-1.8401505947113037,1.2011934315635244,1.09598970413208,25.81697654724121
run_1777443018_89808c98,1777444308.3911185,18.0,124.0,49.0,-1.09598970413208,0.0,-7.732988357543945,16.768117904663086,6.088831424713135,12.262523651123047,-1.5832362174987793,1.2011934315635244,1.09598970413208,25.81697654724121
run_1777443018_89808c98,1777444311.4869967,18.0,124.0,49.0,-1.0519099235534668,0.0,-7.683398723602295,16.450197219848633,5.843944072723389,12.455580711364746,-1.8493297100067139,1.1065144872702604,1.0519099235534668,25.81697654724121
run_1777443018_89808c98,1777444315.413763,18.0,124.0,49.0,-1.0078577995300293,0.0,-7.633840084075928,16.390777587890625,5.599210262298584,12.736584663391113,-1.9450160264968872,1.0157773440735127,1.0078577995300293,25.81697654724121
run_1777443018_89808c98,1777444322.524026,18.0,124.0,49.0,-1.0078577995300293,0.0,-7.633840084075928,16.79778480529785,5.599210262298584,12.87203598022461,-1.6734613180160522,1.0157773440735127,1.0078577995300293,25.81697654724121
run_1777443018_89808c98,1777444328.4917245,18.0,124.0,49.0,-0.9637908935546875,0.0,-7.584264755249023,16.83292007446289,5.35439395904541,13.183196067810059,-1.704668641090393,0.928892886498943,0.9637908935546875,25.81697654724121
run_1777443018_89808c98,1777444331.4180396,18.0,124.0,49.0,-0.9637908935546875,0.0,-7.584264755249023,17.200469970703125,5.35439395904541,13.31274700164795,-1.466670036315918,0.928892886498943,0.9637908935546875,25.81697654724121
run_1777443018_89808c98,1777444334.3204873,18.0,124.0,49.0,-0.9197392463684082,0.0,-7.5347065925598145,16.872913360595703,5.1096625328063965,13.479336738586426,-1.7160847187042236,0.8459202813103275,0.9197392463684082,25.81697654724121
run_1777443018_89808c98,1777444338.5994413,18.0,124.0,49.0,-0.8756842613220215,0.0,-7.485145092010498,16.41352653503418,4.864912509918213,13.601171493530273,-2.0525588989257812,0.7668229255270944,0.8756842613220215,25.81697654724121
run_1777443018_89808c98,1777444341.5498967,18.0,124.0,49.0,-0.8756842613220215,0.0,-7.485145092010498,17.064725875854492,4.864912509918213,13.797346115112305,-1.5975332260131836,0.7668229255270944,0.8756842613220215,25.81697654724121
run_1777443018_89808c98,1777444346.5004969,18.0,124.0,49.0,-0.8756842613220215,0.0,-7.485145092010498,17.295581817626953,4.864912509918213,13.875815391540527,-1.4451452493667603,0.7668229255270944,0.8756842613220215,25.81697654724121
run_1777443018_89808c98,1777444348.3551772,18.0,124.0,49.0,-0.8316159248352051,0.0,-7.435567855834961,16.672649383544922,4.620088577270508,13.953690528869629,-1.901129126548767,0.6915850464395135,0.8316159248352051,25.81697654724121
run_1777443018_89808c98,1777444350.334354,18.0,124.0,49.0,-0.8316159248352051,0.0,-7.435567855834961,16.928503036499023,4.620088577270508,14.028196334838867,-1.719781517982483,0.6915850464395135,0.8316159248352051,25.81697654724121
run_1777443018_89808c98,1777444352.338507,18.0,124.0,49.0,-0.8316159248352051,0.0,-7.435567855834961,17.16705894470215,4.620088577270508,14.102702140808105,-1.5557324886322021,0.6915850464395135,0.8316159248352051,25.81697654724121
run_1777443018_89808c98,1777444354.3103423,18.0,124.0,49.0,-0.8316159248352051,0.0,-7.435567855834961,17.389963150024414,4.620088577270508,14.177207946777344,-1.4073325395584106,0.6915850464395135,0.8316159248352051,25.81697654724121
run_1777443018_89808c98,1777444356.2993495,18.0,124.0,49.0,-0.7875461578369141,0.0,-7.385989189147949,16.791744232177734,4.375256538391113,14.248763084411621,-1.8322749137878418,0.6202289507236856,0.7875461578369141,25.81697654724121
run_1777443018_89808c98,1777444358.3061233,18.0,124.0,49.0,-0.7875461578369141,0.0,-7.385989189147949,17.15341567993164,4.375256538391113,14.354620933532715,-1.576460838317871,0.6202289507236856,0.7875461578369141,25.81697654724121
run_1777443018_89808c98,1777444361.3034284,18.0,124.0,49.0,-0.7434768676757812,0.0,-7.336411476135254,16.74722671508789,4.130427360534668,14.494773864746094,-1.8779741525650024,0.5527578527689911,0.7434768676757812,25.81697654724121
run_1777443018_89808c98,1777444365.333643,18.0,124.0,49.0,-0.7434768676757812,0.0,-7.336411476135254,16.99297332763672,4.130427360534668,14.561382293701172,-1.6988351345062256,0.5527578527689911,0.7434768676757812,25.81697654724121
run_1777443018_89808c98,1777444367.3075607,18.0,124.0,49.0,-0.6994061470031738,0.0,-7.286831855773926,16.523082733154297,3.885589838027954,14.658344268798828,-2.02085018157959,0.4891689584658252,0.6994061470031738,25.81697654724121
run_1777443018_89808c98,1777444370.342273,18.0,124.0,49.0,-0.6994061470031738,0.0,-7.286831855773926,16.778526306152344,3.885589838027954,14.721017837524414,-1.8280823230743408,0.4891689584658252,0.6994061470031738,25.81697654724121
run_1777443018_89808c98,1777444372.3287442,18.0,124.0,49.0,-0.6994061470031738,0.0,-7.286831855773926,17.015579223632812,3.885589838027954,14.783692359924316,-1.6537023782730103,0.4891689584658252,0.6994061470031738,25.81697654724121
run_1777443018_89808c98,1777444374.2995274,18.0,124.0,49.0,-0.6553487777709961,0.0,-7.23726749420166,16.602327346801758,3.640826463699341,14.908446311950684,-1.9469454288482666,0.4294820205259384,0.6553487777709961,25.81697654724121
run_1777443018_89808c98,1777444378.3006637,18.0,124.0,49.0,-0.6553487777709961,0.0,-7.23726749420166,17.18071746826172,3.640826463699341,15.055222511291504,-1.5153318643569946,0.4294820205259384,0.6553487777709961,25.81697654724121
run_1777443018_89808c98,1777444383.3607469,18.0,124.0,49.0,-0.6553487777709961,0.0,-7.23726749420166,17.512657165527344,3.640826463699341,15.140928268432617,-1.2690982818603516,0.4294820205259384,0.6553487777709961,25.81697654724121
run_1777443018_89808c98,1777444386.3116293,18.0,124.0,49.0,-0.6112766265869141,0.0,-7.187685966491699,16.9760799407959,3.3959813117980957,15.225650787353516,-1.6455516815185547,0.37365911421147757,0.6112766265869141,25.81697654724121
run_1777443018_89808c98,1777444389.384502,18.0,124.0,49.0,-0.6112766265869141,0.0,-7.187685966491699,17.18782615661621,3.3959813117980957,15.280426979064941,-1.4885834455490112,0.37365911421147757,0.6112766265869141,25.81697654724121
run_1777443018_89808c98,1777444391.310181,18.0,124.0,49.0,-0.6112766265869141,0.0,-7.187685966491699,17.384597778320312,3.3959813117980957,15.335204124450684,-1.346588373184204,0.37365911421147757,0.6112766265869141,25.81697654724121
run_1777443018_89808c98,1777444393.346972,18.0,124.0,49.0,-0.567204475402832,0.0,-7.1381049156188965,16.755550384521484,3.1511359214782715,15.38740348815918,-1.7829898595809937,0.3217209169170019,0.567204475402832,25.81697654724121
run_1777443018_89808c98,1777444395.296001,18.0,124.0,49.0,-0.567204475402832,0.0,-7.1381049156188965,16.976442337036133,3.1511359214782715,15.438217163085938,-1.612911581993103,0.3217209169170019,0.567204475402832,25.81697654724121
run_1777443018_89808c98,1777444397.3086457,18.0,124.0,49.0,-0.567204475402832,0.0,-7.1381049156188965,17.181110382080078,3.1511359214782715,15.489029884338379,-1.4590566158294678,0.3217209169170019,0.567204475402832,25.81697654724121
run_1777443018_89808c98,1777444399.3083732,18.0,124.0,49.0,-0.567204475402832,0.0,-7.1381049156188965,17.37110137939453,3.1511359214782715,15.53984260559082,-1.3198779821395874,0.3217209169170019,0.567204475402832,25.81697654724121
run_1777443018_89808c98,1777444401.321803,18.0,124.0,49.0,-0.5231304168701172,0.0,-7.088521957397461,16.72487449645996,2.906280279159546,15.588885307312012,-1.7702916860580444,0.2736654330547026,0.5231304168701172,25.81697654724121
run_1777443018_89808c98,1777444403.3100357,18.0,124.0,49.0,-0.5231304168701172,0.0,-7.088521957397461,16.908655166625977,2.906280279159546,15.638124465942383,-1.6357495784759521,0.2736654330547026,0.5231304168701172,25.81697654724121
run_1777443018_89808c98,1777444405.3006418,18.0,124.0,49.0,-0.5231304168701172,0.0,-7.088521957397461,17.111568450927734,2.906280279159546,15.685004234313965,-1.4797163009643555,0.2736654330547026,0.5231304168701172,25.81697654724121
run_1777443018_89808c98,1777444407.3620534,18.0,124.0,49.0,-0.47905588150024414,0.0,-7.038938045501709,16.760028839111328,2.661421537399292,15.798436164855957,-1.6998287439346313,0.22949453759997596,0.47905588150024414,25.81697654724121
run_1777443018_89808c98,1777444413.158982,18.0,124.0,49.0,-0.47905588150024414,0.0,-7.038938045501709,17.061725616455078,2.661421537399292,15.862809181213379,-1.4625061750411987,0.22949453759997596,0.47905588150024414,25.81697654724121
run_1777443018_89808c98,1777444415.3789282,18.0,124.0,49.0,-0.47905588150024414,0.0,-7.038938045501709,17.24414825439453,2.661421537399292,15.90572452545166,-1.3229986429214478,0.22949453759997596,0.47905588150024414,25.81697654724121
run_1777443018_89808c98,1777444418.0961072,18.0,124.0,49.0,-0.4349956512451172,0.0,-6.989370346069336,16.696746826171875,2.416642665863037,15.966360092163086,-1.6862554550170898,0.18922121660216362,0.4349956512451172,25.81697654724121
run_1777443018_89808c98,1777444420.3085752,18.0,124.0,49.0,-0.4349956512451172,0.0,-6.989370346069336,16.896577835083008,2.416642665863037,16.005342483520508,-1.525404453277588,0.18922121660216362,0.4349956512451172,25.81697654724121
run_1777443018_89808c98,1777444422.3010163,18.0,124.0,49.0,-0.4349956512451172,0.0,-6.989370346069336,17.08106803894043,2.416642665863037,16.044322967529297,-1.379897117614746,0.18922121660216362,0.4349956512451172,25.81697654724121
run_1777443018_89808c98,1777444424.304098,18.0,124.0,49.0,-0.4349956512451172,0.0,-6.989370346069336,17.251676559448242,2.416642665863037,16.08330535888672,-1.2482695579528809,0.18922121660216362,0.4349956512451172,25.81697654724121
run_1777443018_89808c98,1777444426.332107,18.0,124.0,49.0,-0.39092063903808594,0.0,-6.939785957336426,16.738805770874023,2.171781301498413,16.159088134765625,-1.5920641422271729,0.15281894602594548,0.39092063903808594,25.81697654724121
run_1777443018_89808c98,1777444431.197077,18.0,124.0,49.0,-0.39092063903808594,0.0,-6.939785957336426,16.927473068237305,2.171781301498413,16.217931747436523,-1.4622400999069214,0.15281894602594548,0.39092063903808594,25.81697654724121
run_1777443018_89808c98,1777444433.375124,18.0,124.0,49.0,-0.39092063903808594,0.0,-6.939785957336426,17.101972579956055,2.171781301498413,16.25295066833496,-1.3227577209472656,0.15281894602594548,0.39092063903808594,25.81697654724121
run_1777443018_89808c98,1777444435.3026547,18.0,124.0,49.0,-0.3468303680419922,0.0,-6.89018440246582,16.41790771484375,1.9268354177474976,16.287771224975586,-1.7966974973678589,0.12029130419614376,0.3468303680419922,25.81697654724121
run_1777443018_89808c98,1777444437.3180134,18.0,124.0,49.0,-0.39092063903808594,0.0,-6.939785957336426,17.443622589111328,2.171781301498413,16.32062530517578,-1.048783302307129,0.15281894602594548,0.39092063903808594,25.81697654724121
run_1777443018_89808c98,1777444439.3090413,18.0,124.0,49.0,-0.3468303680419922,0.0,-6.89018440246582,16.776525497436523,1.9268354177474976,16.352298736572266,-1.5026073455810547,0.12029130419614376,0.3468303680419922,25.81697654724121
run_1777443018_89808c98,1777444441.3055081,18.0,124.0,49.0,-0.3468303680419922,0.0,-6.89018440246582,17.032939910888672,1.9268354177474976,16.398923873901367,-1.292819619178772,0.12029130419614376,0.3468303680419922,25.81697654724121
run_1777443018_89808c98,1777444444.3007143,18.0,124.0,49.0,-0.3468303680419922,0.0,-6.89018440246582,17.187345504760742,1.9268354177474976,16.430007934570312,-1.1694984436035156,0.12029130419614376,0.3468303680419922,25.81697654724121
run_1777443018_89808c98,1777444446.298028,18.0,124.0,49.0,-0.3027677536010742,0.0,-6.84061336517334,16.501834869384766,1.6820430755615234,16.459705352783203,-1.639912486076355,0.09166831262064079,0.3027677536010742,25.81697654724121
run_1777443018_89808c98,1777444448.3427474,18.0,124.0,49.0,-0.3027677536010742,0.0,-6.84061336517334,16.685386657714844,1.6820430755615234,16.486825942993164,-1.4834823608398438,0.09166831262064079,0.3027677536010742,25.81697654724121
run_1777443018_89808c98,1777444450.3101892,18.0,124.0,49.0,-0.3027677536010742,0.0,-6.84061336517334,16.854013442993164,1.6820430755615234,16.513944625854492,-1.341974139213562,0.09166831262064079,0.3027677536010742,25.81697654724121
run_1777443018_89808c98,1777444452.3086388,18.0,124.0,49.0,-0.3027677536010742,0.0,-6.84061336517334,17.009145736694336,1.6820430755615234,16.541065216064453,-1.2139641046524048,0.09166831262064079,0.3027677536010742,25.81697654724121
run_1777443018_89808c98,1777444454.311498,18.0,124.0,49.0,-0.3468303680419922,0.0,-6.89018440246582,17.991207122802734,1.9268354177474976,16.56877899169922,-0.5044065713882446,0.12029130419614376,0.3468303680419922,25.81697654724121
run_1777443018_89808c98,1777444456.3052928,18.0,124.0,49.0,-0.3027677536010742,0.0,-6.84061336517334,17.253015518188477,1.6820430755615234,16.59768295288086,-1.026710867881775,0.09166831262064079,0.3027677536010742,25.81697654724121
run_1777443018_89808c98,1777444458.3171694,18.0,124.0,49.0,-0.3027677536010742,0.0,-6.84061336517334,17.378074645996094,1.6820430755615234,16.62480354309082,-0.9287735223770142,0.09166831262064079,0.3027677536010742,25.81697654724121
run_1777443018_89808c98,1777444460.3182492,18.0,124.0,49.0,-0.25869035720825195,0.0,-6.791026592254639,16.6761417388916,1.4371687173843384,16.649761199951172,-1.410788893699646,0.066920700912533,0.25869035720825195,25.81697654724121
run_1777443018_89808c98,1777444462.3060682,18.0,124.0,49.0,-0.25869035720825195,0.0,-6.791026592254639,16.833900451660156,1.4371687173843384,16.67294692993164,-1.276214361190796,0.066920700912533,0.25869035720825195,25.81697654724121
run_1777443018_89808c98,1777444464.3115585,18.0,124.0,49.0,-0.25869035720825195,0.0,-6.791026592254639,16.97882652282715,1.4371687173843384,16.69613265991211,-1.1544770002365112,0.066920700912533,0.25869035720825195,25.81697654724121
run_1777443018_89808c98,1777444466.3177054,18.0,124.0,49.0,-0.25869035720825195,0.0,-6.791026592254639,17.112136840820312,1.4371687173843384,16.719318389892578,-1.0443521738052368,0.066920700912533,0.25869035720825195,25.81697654724121
run_1777443018_89808c98,1777444468.3027132,18.0,124.0,49.0,-0.25869035720825195,0.0,-6.791026592254639,17.292722702026367,1.4371687173843384,16.754098892211914,-0.8985443711280823,0.066920700912533,0.25869035720825195,25.81697654724121
run_1777443018_89808c98,1777444471.3314214,18.0,124.0,49.0,-0.3027677536010742,0.0,-6.84061336517334,18.27925682067871,1.6820430755615234,16.775102615356445,-0.17789067327976227,0.09166831262064079,0.3027677536010742,25.81697654724121
run_1777443018_89808c98,1777444473.3695805,18.0,124.0,49.0,-0.21464109420776367,0.0,-6.741471290588379,16.677846908569336,1.1924505233764648,16.798669815063477,-1.3132736682891846,0.04607079932270608,0.21464109420776367,25.81697654724121
run_1777443018_89808c98,1777444475.3496902,18.0,124.0,49.0,-0.21464109420776367,0.0,-6.741471290588379,16.890031814575195,1.1924505233764648,16.827503204345703,-1.1299203634262085,0.04607079932270608,0.21464109420776367,25.81697654724121
run_1777443018_89808c98,1777444478.3643222,18.0,124.0,49.0,-0.170562744140625,0.0,-6.691883087158203,16.231590270996094,0.94757080078125,16.85614013671875,-1.5721205472946167,0.029091649688780308,0.170562744140625,25.81697654724121
run_1777443018_89808c98,1777444481.2991264,18.0,124.0,49.0,-0.21464109420776367,0.0,-6.741471290588379,17.230751037597656,1.1924505233764648,16.872411727905273,-0.8341113924980164,0.04607079932270608,0.21464109420776367,25.81697654724121
run_1777443018_89808c98,1777444483.3078206,18.0,124.0,49.0,-0.170562744140625,0.0,-6.691883087158203,16.484508514404297,0.94757080078125,16.891437530517578,-1.354500651359558,0.029091649688780308,0.170562744140625,25.81697654724121
run_1777443018_89808c98,1777444485.3025703,18.0,124.0,49.0,-0.21464109420776367,0.0,-6.741471290588379,17.462909698486328,1.1924505233764648,16.9077091217041,-0.6372504234313965,0.04607079932270608,0.21464109420776367,25.81697654724121
run_1777443018_89808c98,1777444487.3490977,18.0,124.0,49.0,-0.170562744140625,0.0,-6.691883087158203,16.96849822998047,0.94757080078125,16.954952239990234,-0.934026300907135,0.029091649688780308,0.170562744140625,25.81697654724121
run_1777443018_89808c98,1777444493.8417013,18.0,124.0,49.0,-0.12648344039916992,0.0,-6.642293930053711,16.69425392150879,0.7026857733726501,17.041728973388672,-1.0501610040664673,0.01599806069521037,0.12648344039916992,25.81697654724121
run_1777443018_89808c98,1777444505.4455593,18.0,124.0,49.0,-0.12648344039916992,0.0,-6.642293930053711,16.805753707885742,0.7026857733726501,17.053054809570312,-0.9499867558479309,0.01599806069521037,0.12648344039916992,25.81697654724121
run_1777443018_89808c98,1777444507.4838538,18.0,124.0,49.0,-0.12648344039916992,0.0,-6.642293930053711,17.000995635986328,0.7026857733726501,17.07570457458496,-0.7773935794830322,0.01599806069521037,0.12648344039916992,25.81697654724121
run_1777443018_89808c98,1777444511.3126006,18.0,124.0,49.0,-0.12648344039916992,0.0,-6.642293930053711,17.086475372314453,0.7026857733726501,17.08702850341797,-0.7032384872436523,0.01599806069521037,0.12648344039916992,25.81697654724121
run_1777443018_89808c98,1777444513.2994573,18.0,124.0,49.0,-0.12648344039916992,0.0,-6.642293930053711,17.23689079284668,0.7026857733726501,17.109678268432617,-0.5754743814468384,0.01599806069521037,0.12648344039916992,25.81697654724121
run_1777443018_89808c98,1777444517.3038123,18.0,124.0,49.0,-0.12648344039916992,0.0,-6.642293930053711,17.30310821533203,0.7026857733726501,17.121004104614258,-0.5205801725387573,0.01599806069521037,0.12648344039916992,25.81697654724121
run_1777443018_89808c98,1777444519.29948,18.0,124.0,49.0,-0.08241701126098633,0.0,-6.592719078063965,16.551942825317383,0.45787230134010315,17.129772186279297,-1.0357006788253784,0.006792563745193547,0.08241701126098633,25.81697654724121
run_1777443018_89808c98,1777444521.317707,18.0,124.0,49.0,-0.08241701126098633,0.0,-6.592719078063965,16.65812873840332,0.45787230134010315,17.137163162231445,-0.9369057416915894,0.006792563745193547,0.08241701126098633,25.81697654724121
run_1777443018_89808c98,1777444523.3083904,18.0,124.0,49.0,-0.12648344039916992,0.0,-6.642293930053711,17.567039489746094,0.7026857733726501,17.147109985351562,-0.2827565371990204,0.01599806069521037,0.12648344039916992,25.81697654724121
run_1777443018_89808c98,1777444525.3433745,18.0,124.0,49.0,-0.12648344039916992,0.0,-6.642293930053711,17.68608856201172,0.7026857733726501,17.15937614440918,-0.1759730726480484,0.01599806069521037,0.12648344039916992,25.81697654724121
run_1777443018_89808c98,1777444528.3019824,18.0,124.0,49.0,-0.08241701126098633,0.0,-6.592719078063965,16.885988235473633,0.45787230134010315,17.16932487487793,-0.7412092089653015,0.006792563745193547,0.08241701126098633,25.81697654724121
run_1777443018_89808c98,1777444530.3125098,18.0,124.0,49.0,-0.08241701126098633,0.0,-6.592719078063965,16.964082717895508,0.45787230134010315,17.176715850830078,-0.6705055236816406,0.006792563745193547,0.08241701126098633,25.81697654724121
run_1777443018_89808c98,1777444532.5499794,18.0,124.0,49.0,-0.08241701126098633,0.0,-6.592719078063965,17.035432815551758,0.45787230134010315,17.184106826782227,-0.6065464019775391,0.006792563745193547,0.08241701126098633,25.81697654724121
run_1777443018_89808c98,1777444534.3292432,18.0,124.0,49.0,-0.08241701126098633,0.0,-6.592719078063965,17.100683212280273,0.45787230134010315,17.191497802734375,-0.5486882328987122,0.006792563745193547,0.08241701126098633,25.81697654724121
run_1777443018_89808c98,1777444536.370987,18.0,124.0,49.0,-0.08241701126098633,0.0,-6.592719078063965,17.160411834716797,0.45787230134010315,17.198888778686523,-0.4963492155075073,0.006792563745193547,0.08241701126098633,25.81697654724121
run_1777443018_89808c98,1777444538.3021312,18.0,124.0,49.0,-0.08241701126098633,0.0,-6.592719078063965,17.24079704284668,0.45787230134010315,17.209976196289062,-0.42705097794532776,0.006792563745193547,0.08241701126098633,25.81697654724121
run_1777443018_89808c98,1777444541.3165936,18.0,124.0,49.0,-0.08241701126098633,0.0,-6.592719078063965,17.32087516784668,0.45787230134010315,17.214988708496094,-0.35198500752449036,0.006792563745193547,0.08241701126098633,25.81697654724121
run_1777443018_89808c98,1777444543.3182907,18.0,124.0,49.0,-0.038336753845214844,0.0,-6.543128967285156,16.53877067565918,0.2129819691181183,17.220596313476562,-0.8948066234588623,0.001469706695388595,0.038336753845214844,25.81697654724121
run_1777443018_89808c98,1777444545.477061,18.0,124.0,49.0,-0.08241701126098633,0.0,-6.592719078063965,17.531265258789062,0.45787230134010315,17.229232788085938,-0.1558409482240677,0.006792563745193547,0.08241701126098633,25.81697654724121
run_1777443018_89808c98,1777444549.4480786,18.0,124.0,49.0,-0.038336753845214844,0.0,-6.543128967285156,16.821216583251953,0.2129819691181183,17.236682891845703,-0.6284476518630981,0.001469706695388595,0.038336753845214844,25.81697654724121
run_1777443018_89808c98,1777444553.2983925,18.0,124.0,49.0,-0.038336753845214844,0.0,-6.543128967285156,16.884592056274414,0.2129819691181183,17.240110397338867,-0.5685003995895386,0.001469706695388595,0.038336753845214844,25.81697654724121
run_1777443018_89808c98,1777444555.330325,18.0,124.0,49.0,-0.038336753845214844,0.0,-6.543128967285156,16.94224739074707,0.2129819691181183,17.24353790283203,-0.5142714381217957,0.001469706695388595,0.038336753845214844,25.81697654724121
run_1777443018_89808c98,1777444557.3265886,18.0,124.0,49.0,-0.038336753845214844,0.0,-6.543128967285156,16.994731903076172,0.2129819691181183,17.246965408325195,-0.4652153253555298,0.001469706695388595,0.038336753845214844,25.81697654724121
run_1777443018_89808c98,1777444559.293474,18.0,124.0,49.0,-0.038336753845214844,0.0,-6.543128967285156,17.04253578186035,0.2129819691181183,17.250391006469727,-0.42083874344825745,0.001469706695388595,0.038336753845214844,25.81697654724121
run_1777443018_89808c98,1777444561.3148918,18.0,124.0,49.0,-0.038336753845214844,0.0,-6.543128967285156,17.08610725402832,0.2129819691181183,17.25381851196289,-0.3806951940059662,0.001469706695388595,0.038336753845214844,25.81697654724121
run_1777443018_89808c98,1777444563.3037047,18.0,124.0,49.0,-0.038336753845214844,0.0,-6.543128967285156,17.1258487701416,0.2129819691181183,17.257246017456055,-0.3443808853626251,0.001469706695388595,0.038336753845214844,25.81697654724121
run_1777443018_89808c98,1777444565.3293183,18.0,124.0,49.0,-0.038336753845214844,0.0,-6.543128967285156,17.17906951904297,0.2129819691181183,17.262386322021484,-0.29629984498023987,0.001469706695388595,0.038336753845214844,25.81697654724121
run_1777443018_89808c98,1777444568.3981426,18.0,124.0,49.0,-0.08241701126098633,0.0,-6.592719078063965,18.039243698120117,0.45787230134010315,17.267202377319336,0.3141688406467438,0.006792563745193547,0.08241701126098633,25.81697654724121
run_1777443018_89808c98,1777444570.5996556,18.0,124.0,49.0,-0.038336753845214844,0.0,-6.543128967285156,17.19894790649414,0.2129819691181183,17.27241325378418,-0.28644734621047974,0.001469706695388595,0.038336753845214844,25.81697654724121
run_1777443018_89808c98,1777444572.335568,18.0,124.0,49.0,-0.038336753845214844,0.0,-6.543128967285156,17.260700225830078,0.2129819691181183,17.27285385131836,-0.22513511776924133,0.001469706695388595,0.038336753845214844,25.81697654724121
run_1777443018_89808c98,1777444574.312453,18.0,124.0,49.0,0.005744457244873047,0.0,-6.493537425994873,16.467309951782227,-0.031913649290800095,17.273544311523438,-0.7743197083473206,3.2998789038174436e-05,0.005744457244873047,25.81697654724121
run_1777443018_89808c98,1777444576.3780322,18.0,124.0,49.0,-0.038336753845214844,0.0,-6.543128967285156,17.34663200378418,0.2129819691181183,17.2784366607666,-0.14478620886802673,0.001469706695388595,0.038336753845214844,25.81697654724121
run_1777443018_89808c98,1777444579.3729556,18.0,124.0,49.0,-0.038336753845214844,0.0,-6.543128967285156,17.36387062072754,0.2129819691181183,17.281862258911133,-0.13097511231899261,0.001469706695388595,0.038336753845214844,25.81697654724121
run_1777443018_89808c98,1777444581.2952847,18.0,124.0,49.0,0.005744457244873047,0.0,-6.493537425994873,16.57691192626953,-0.031913649290800095,17.28105926513672,-0.6722344756126404,3.2998789038174436e-05,0.005744457244873047,25.81697654724121
run_1777443018_89808c98,1777444583.3224046,18.0,124.0,49.0,0.005744457244873047,0.0,-6.493537425994873,16.63948631286621,-0.031913649290800095,17.279510498046875,-0.6081104278564453,3.2998789038174436e-05,0.005744457244873047,25.81697654724121
run_1777443018_89808c98,1777444585.6681929,18.0,124.0,49.0,0.005744457244873047,0.0,-6.493537425994873,16.722063064575195,-0.031913649290800095,17.277185440063477,-0.5232086181640625,3.2998789038174436e-05,0.005744457244873047,25.81697654724121
run_1777443018_89808c98,1777444588.3885946,18.0,124.0,49.0,0.005744457244873047,0.0,-6.493537425994873,16.770421981811523,-0.031913649290800095,17.275636672973633,-0.47330009937286377,3.2998789038174436e-05,0.005744457244873047,25.81697654724121
run_1777443018_89808c98,1777444590.535704,18.0,124.0,49.0,0.005744457244873047,0.0,-6.493537425994873,16.81402015686035,-0.031913649290800095,17.274085998535156,-0.4281521737575531,3.2998789038174436e-05,0.005744457244873047,25.81697654724121
run_1777443018_89808c98,1777444592.3251703,18.0,124.0,49.0,0.005744457244873047,0.0,-6.493537425994873,16.85331153869629,-0.031913649290800095,17.272537231445312,-0.3873109817504883,3.2998789038174436e-05,0.005744457244873047,25.81697654724121
run_1777443018_89808c98,1777444594.3292265,18.0,124.0,49.0,0.005744457244873047,0.0,-6.493537425994873,16.935298919677734,-0.031913649290800095,17.268661499023438,-0.3014490306377411,3.2998789038174436e-05,0.005744457244873047,25.81697654724121
run_1777443018_89808c98,1777444599.3872228,18.0,124.0,49.0,0.005744457244873047,0.0,-6.493537425994873,16.975061416625977,-0.031913649290800095,17.266338348388672,-0.25936201214790344,3.2998789038174436e-05,0.005744457244873047,25.81697654724121
run_1777443018_89808c98,1777444602.5172863,18.0,124.0,49.0,-0.038336753845214844,0.0,-6.543128967285156,17.816547393798828,0.2129819691181183,17.26752471923828,0.3360384404659271,0.001469706695388595,0.038336753845214844,25.81697654724121
run_1777443018_89808c98,1777444604.3346953,18.0,124.0,49.0,0.005744457244873047,0.0,-6.493537425994873,17.001230239868164,-0.031913649290800095,17.26544952392578,-0.232304185628891,3.2998789038174436e-05,0.005744457244873047,25.81697654724121
run_1777443018_89808c98,1777444607.4179752,18.0,124.0,49.0,0.005744457244873047,0.0,-6.493537425994873,17.04033851623535,-0.031913649290800095,17.26235008239746,-0.19009922444820404,3.2998789038174436e-05,0.005744457244873047,25.81697654724121
run_1777443018_89808c98,1777444611.3061807,18.0,124.0,49.0,0.005744457244873047,0.0,-6.493537425994873,17.056921005249023,-0.031913649290800095,17.260799407958984,-0.17196573317050934,3.2998789038174436e-05,0.005744457244873047,25.81697654724121
run_1777443018_89808c98,1777444613.3297255,18.0,124.0,49.0,0.005744457244873047,0.0,-6.493537425994873,17.071775436401367,-0.031913649290800095,17.25925064086914,-0.15556202828884125,3.2998789038174436e-05,0.005744457244873047,25.81697654724121
run_1777443018_89808c98,1777444615.3080323,18.0,124.0,49.0,0.005744457244873047,0.0,-6.493537425994873,17.085063934326172,-0.031913649290800095,17.257699966430664,-0.14072303473949432,3.2998789038174436e-05,0.005744457244873047,25.81697654724121
run_1777443018_89808c98,1777444618.5454817,18.0,124.0,49.0,0.005744457244873047,0.0,-6.493537425994873,17.102386474609375,-0.031913649290800095,17.2553768157959,-0.12107590585947037,3.2998789038174436e-05,0.005744457244873047,25.81697654724121
run_1777443018_89808c98,1777444620.2956321,18.0,124.0,49.0,0.005744457244873047,0.0,-6.493537425994873,17.11238670349121,-0.031913649290800095,17.253826141357422,-0.10952655971050262,3.2998789038174436e-05,0.005744457244873047,25.81697654724121
run_1777443018_89808c98,1777444622.3018851,18.0,124.0,49.0,0.005744457244873047,0.0,-6.493537425994873,17.12128448486328,-0.031913649290800095,17.252277374267578,-0.09907887876033783,3.2998789038174436e-05,0.005744457244873047,25.81697654724121
run_1777443018_89808c98,1777444624.2975426,18.0,124.0,49.0,0.005744457244873047,0.0,-6.493537425994873,17.136184692382812,-0.031913649290800095,17.249177932739258,-0.08107825368642807,3.2998789038174436e-05,0.005744457244873047,25.81697654724121
run_1777443018_89808c98,1777444628.2969675,18.0,124.0,49.0,0.005744457244873047,0.0,-6.493537425994873,17.150283813476562,-0.031913649290800095,17.245302200317383,-0.06310424208641052,3.2998789038174436e-05,0.005744457244873047,25.81697654724121
run_1777443018_89808c98,1777444634.4884365,18.0,124.0,49.0,0.005744457244873047,0.0,-6.493537425994873,17.158649444580078,-0.031913649290800095,17.242202758789062,-0.05163947492837906,3.2998789038174436e-05,0.005744457244873047,25.81697654724121
run_1777443018_89808c98,1777444637.3390036,18.0,124.0,49.0,0.005744457244873047,0.0,-6.493537425994873,17.163536071777344,-0.031913649290800095,17.239879608154297,-0.044429801404476166,3.2998789038174436e-05,0.005744457244873047,25.81697654724121
run_1777443018_89808c98,1777444640.310153,18.0,124.0,49.0,0.005744457244873047,0.0,-6.493537425994873,17.168508529663086,-0.031913649290800095,17.236780166625977,-0.03635780140757561,3.2998789038174436e-05,0.005744457244873047,25.81697654724121
run_1777443018_89808c98,1777444644.8979008,18.0,124.0,49.0,0.005744457244873047,0.0,-6.493537425994873,17.173843383789062,-0.031913649290800095,17.231355667114258,-0.0255984365940094,3.2998789038174436e-05,0.005744457244873047,25.81697654724121
run_1777443018_89808c98,1777444651.965615,18.0,124.0,49.0,0.005744457244873047,0.0,-6.493537425994873,17.175092697143555,-0.031913649290800095,17.22903060913086,-0.02202448807656765,3.2998789038174436e-05,0.005744457244873047,25.81697654724121
run_1777443018_89808c98,1777444654.2992628,18.0,124.0,49.0,0.005744457244873047,0.0,-6.493537425994873,17.175643920898438,-0.031913649290800095,17.227481842041016,-0.019923582673072815,3.2998789038174436e-05,0.005744457244873047,25.81697654724121
run_1777443018_89808c98,1777444656.311951,18.0,124.0,49.0,0.005744457244873047,0.0,-6.493537425994873,17.20937728881836,-0.031913649290800095,17.2141170501709,0.027171676978468895,3.2998789038174436e-05,0.005744457244873047,25.81697654724121
run_1777443018_89808c98,1777444662.3952518,18.0,124.0,49.0,0.04982709884643555,0.0,-6.443944454193115,16.393051147460938,-0.2768172323703766,17.184629440307617,-0.5147587060928345,0.0024827397794524586,0.04982709884643555,25.81697654724121
run_1777443018_89808c98,1777444670.6477447,18.0,124.0,49.0,0.005744457244873047,0.0,-6.493537425994873,17.25356101989746,-0.031913649290800095,17.17459487915039,0.11088061332702637,3.2998789038174436e-05,0.005744457244873047,25.81697654724121
run_1777443018_89808c98,1777444673.3412163,18.0,124.0,49.0,0.005744457244873047,0.0,-6.493537425994873,17.235755920410156,-0.031913649290800095,17.172269821166992,0.09539991617202759,3.2998789038174436e-05,0.005744457244873047,25.81697654724121
run_1777443018_89808c98,1777444676.292847,18.0,124.0,49.0,0.04982709884643555,0.0,-6.443944454193115,16.411954879760742,-0.2768172323703766,17.161823272705078,-0.47305068373680115,0.0024827397794524586,0.04982709884643555,25.81697654724121
run_1777443018_89808c98,1777444678.338434,18.0,124.0,49.0,0.005744457244873047,0.0,-6.493537425994873,17.255891799926758,-0.031913649290800095,17.147092819213867,0.14071331918239594,3.2998789038174436e-05,0.005744457244873047,25.81697654724121
run_1777443018_89808c98,1777444689.0052567,18.0,124.0,49.0,0.04982709884643555,0.0,-6.443944454193115,16.428224563598633,-0.2768172323703766,17.12209701538086,-0.41705578565597534,0.0024827397794524586,0.04982709884643555,25.81697654724121
run_1777443018_89808c98,1777444691.3727436,18.0,124.0,49.0,0.04982709884643555,0.0,-6.443944454193115,16.453231811523438,-0.2768172323703766,17.102392196655273,-0.3723420798778534,0.0024827397794524586,0.04982709884643555,25.81697654724121
run_1777443018_89808c98,1777444695.4295228,18.0,124.0,49.0,0.04982709884643555,0.0,-6.443944454193115,16.475339889526367,-0.2768172323703766,17.08898162841797,-0.33682453632354736,0.0024827397794524586,0.04982709884643555,25.81697654724121
run_1777443018_89808c98,1777444697.843074,18.0,124.0,49.0,0.005744457244873047,0.0,-6.493537425994873,17.30666732788086,-0.031913649290800095,17.08013343811035,0.25844845175743103,3.2998789038174436e-05,0.005744457244873047,25.81697654724121
